incident_id,date_time,road_id,vehicles_involved,injuries,fatalities,lighting,severity,source_system,ingest_batch_id,extracted_at_utc,record_hash
A000000,2026-02-28 15:10:29+00:00,R0014,3,0,0,Day,Moderate,accident_reports,B20260305T000843Z,2026-03-05T00:08:43+00:00,c3efd059f908b01d
A000001,2026-02-08 05:47:46+00:00,R0018,3,0,1,Night,Fatal,accident_reports,B20260305T000843Z,2026-03-05T00:08:43+00:00,d78e6bc0e184deba
A000002,2026-02-10 10:26:56+00:00,R0007,2,1,0,Day,Severe,accident_reports,B20260305T000843Z,2026-03-05T00:08:43+00:00,4924f0394240592e
A000003,2026-02-15 07:07:33+00:00,R0003,6,1,0,Day,Severe,accident_reports,B20260305T000843Z,2026-03-05T00:08:43+00:00,6143fb3008ebf889
A000004,2026-02-12 11:46:46+00:00,R0023,6,0,0,Day,Severe,accident_reports,B20260305T000843Z,2026-03-05T00:08:43+00:00,9dd5f0d5fd66920d
A000005,2026-03-03 10:36:26+00:00,R0015,4,0,0,Day,Moderate,accident_reports,B20260305T000843Z,2026-03-05T00:08:43+00:00,0cb3c462b83ad9f7
A000006,2026-02-27 19:35:44+00:00,R0020,4,4,0,Night,Fatal,accident_reports,B20260305T000843Z,2026-03-05T00:08:43+00:00,d1c9f80b8831d9e4
A000007,2026-03-03 08:45:33+00:00,R0006,3,1,0,Day,Moderate,accident_reports,B20260305T000843Z,2026-03-05T00:08:43+00:00,7ca2491e962efdbf
A000008,2026-02-14 12:21:25+00:00,R0012,4,1,0,Day,Severe,accident_reports,B20260305T000843Z,2026-03-05T00:08:43+00:00,c1dab1de23feac5f
A000009,2026-03-04 14:25:25+00:00,R0011,4,2,0,Day,Severe,accident_reports,B20260305T000843Z,2026-03-05T00:08:43+00:00,d0d2f3e192d27fa1
A000010,2026-02-23 15:44:43+00:00,R0022,5,0,0,Day,Moderate,accident_reports,B20260305T000843Z,2026-03-05T00:08:43+00:00,388d00bdc3942844
A000011,2026-02-05 14:49:44+00:00,R0023,4,2,0,Day,Severe,accident_reports,B20260305T000843Z,2026-03-05T00:08:43+00:00,ac79a618a8c6a7c4
A000012,2026-02-24 23:31:28+00:00,R0011,3,1,0,Night,Severe,accident_reports,B20260305T000843Z,2026-03-05T00:08:43+00:00,13235b56dd8469d9
A000013,2026-02-09 09:37:43+00:00,R0014,1,1,0,Day,Moderate,accident_reports,B20260305T000843Z,2026-03-05T00:08:43+00:00,f698df6e7101dc9d
A000014,2026-03-02 10:46:18+00:00,R0001,2,1,0,Day,Severe,accident_reports,B20260305T000843Z,2026-03-05T00:08:43+00:00,5a26af7e3f11b183
A000015,2026-02-09 03:09:40+00:00,R0013,2,1,0,Night,Severe,accident_reports,B20260305T000843Z,2026-03-05T00:08:43+00:00,9275e7bc9f7c5af0
A000016,2026-03-03 04:27:35+00:00,R0000,2,2,0,Night,Severe,accident_reports,B20260305T000843Z,2026-03-05T00:08:43+00:00,b79e6475a3a854e0
A000017,2026-02-26 22:51:50+00:00,R0009,4,1,0,Night,Severe,accident_reports,B20260305T000843Z,2026-03-05T00:08:43+00:00,0aa5ef53615bc91d
A000018,2026-02-25 17:27:48+00:00,R0018,1,0,0,Day,Minor,accident_reports,B20260305T000843Z,2026-03-05T00:08:43+00:00,6d8dd2c5cd159150
A000019,2026-02-10 08:02:00+00:00,R0000,6,0,0,Day,Moderate,accident_reports,B20260305T000843Z,2026-03-05T00:08:43+00:00,449b44207cbc972d
A000020,2026-02-17 09:02:31+00:00,R0010,4,0,0,Day,Severe,accident_reports,B20260305T000843Z,2026-03-05T00:08:43+00:00,4e6a444b9a4e28bc
A000021,2026-02-20 02:55:41+00:00,R0002,4,0,0,Night,Severe,accident_reports,B20260305T000843Z,2026-03-05T00:08:43+00:00,adb1d7e1840cbf54
A000022,2026-02-11 14:26:02+00:00,R0017,2,2,0,Day,Moderate,accident_reports,B20260305T000843Z,2026-03-05T00:08:43+00:00,a9741ab5bc82bbdd
A000023,2026-02-20 14:46:40+00:00,R0007,8,0,0,Day,Fatal,accident_reports,B20260305T000843Z,2026-03-05T00:08:43+00:00,d5f0110984da32be
A000024,2026-02-27 06:51:51+00:00,R0019,3,1,0,Day,Moderate,accident_reports,B20260305T000843Z,2026-03-05T00:08:43+00:00,8ee1c9f34907fb5a
A000025,2026-03-04 03:06:23+00:00,R0014,2,0,0,Night,Severe,accident_reports,B20260305T000843Z,2026-03-05T00:08:43+00:00,5f6542fb38387ada
A000026,2026-02-10 08:10:53+00:00,R0017,2,1,0,Day,Moderate,accident_reports,B20260305T000843Z,2026-03-05T00:08:43+00:00,3de12934cfa64e87
A000027,2026-02-19 13:18:00+00:00,R0000,2,0,0,Day,Moderate,accident_reports,B20260305T000843Z,2026-03-05T00:08:43+00:00,15c919981d3f2c93
A000028,2026-03-02 16:08:29+00:00,R0007,3,1,0,Day,Severe,accident_reports,B20260305T000843Z,2026-03-05T00:08:43+00:00,faf8349e10cfacb7
A000029,2026-02-24 11:11:47+00:00,R0002,4,0,0,Day,Severe,accident_reports,B20260305T000843Z,2026-03-05T00:08:43+00:00,a1077a65f714ff3f
A000030,2026-02-08 00:17:31+00:00,R0017,4,1,0,Night,Severe,accident_reports,B20260305T000843Z,2026-03-05T00:08:43+00:00,8fd8feb1f88c8e53
A000031,2026-02-03 15:28:41+00:00,R0005,4,1,0,Day,Moderate,accident_reports,B20260305T000843Z,2026-03-05T00:08:43+00:00,7faab04d49ccdb27
A000032,2026-02-05 07:25:01+00:00,R0007,5,1,0,Day,Severe,accident_reports,B20260305T000843Z,2026-03-05T00:08:43+00:00,5627dfdf5dfd6b1d
A000033,2026-02-24 18:06:38+00:00,R0016,4,1,0,Night,Severe,accident_reports,B20260305T000843Z,2026-03-05T00:08:43+00:00,fc47047e7cc0d865
A000034,2026-02-09 03:36:27+00:00,R0013,2,0,1,Night,Fatal,accident_reports,B20260305T000843Z,2026-03-05T00:08:43+00:00,08b20e5092505f14
A000035,2026-02-24 11:21:15+00:00,R0016,4,0,0,Day,Moderate,accident_reports,B20260305T000843Z,2026-03-05T00:08:43+00:00,b711a92d99344df0
A000036,2026-02-05 00:25:57+00:00,R0004,4,0,0,Night,Severe,accident_reports,B20260305T000843Z,2026-03-05T00:08:43+00:00,1c24888f6582af74
A000037,2026-02-17 14:02:50+00:00,R0007,3,2,0,Day,Fatal,accident_reports,B20260305T000843Z,2026-03-05T00:08:43+00:00,b29173f773344408
A000038,2026-02-23 11:56:13+00:00,R0022,3,0,0,Day,Moderate,accident_reports,B20260305T000843Z,2026-03-05T00:08:43+00:00,4df616103ae42713
A000039,2026-02-22 00:36:57+00:00,R0007,2,0,0,Night,Severe,accident_reports,B20260305T000843Z,2026-03-05T00:08:43+00:00,7baade0dcd8897a1
A000040,2026-02-24 22:29:29+00:00,R0005,3,0,0,Night,Severe,accident_reports,B20260305T000843Z,2026-03-05T00:08:43+00:00,c4bf7d106afe2542
A000041,2026-02-24 08:30:28+00:00,R0010,1,2,0,Day,Severe,accident_reports,B20260305T000843Z,2026-03-05T00:08:43+00:00,59c0424950a9f1a7
A000042,2026-02-22 13:12:28+00:00,R0022,3,1,0,Day,Moderate,accident_reports,B20260305T000843Z,2026-03-05T00:08:43+00:00,9eb71f2207809bdb
A000043,2026-03-02 05:49:23+00:00,R0019,2,0,0,Night,Minor,accident_reports,B20260305T000843Z,2026-03-05T00:08:43+00:00,2882b1b98461eb59
A000044,2026-02-14 07:30:09+00:00,R0009,4,0,0,Day,Moderate,accident_reports,B20260305T000843Z,2026-03-05T00:08:43+00:00,71deef588ef0b94c
A000045,2026-02-18 07:03:39+00:00,R0002,2,2,0,Day,Severe,accident_reports,B20260305T000843Z,2026-03-05T00:08:43+00:00,14f21ec789337881
A000046,2026-02-14 08:11:59+00:00,R0005,5,0,0,Day,Severe,accident_reports,B20260305T000843Z,2026-03-05T00:08:43+00:00,0943f436664ab9d9
A000047,2026-02-14 23:09:26+00:00,R0015,2,0,0,Night,Moderate,accident_reports,B20260305T000843Z,2026-03-05T00:08:43+00:00,51427571f48a782f
A000048,2026-03-04 08:22:12+00:00,R0009,2,2,0,Day,Severe,accident_reports,B20260305T000843Z,2026-03-05T00:08:43+00:00,b336a625b4e2bca0
A000049,2026-03-02 06:11:31+00:00,R0015,2,0,0,Day,Moderate,accident_reports,B20260305T000843Z,2026-03-05T00:08:43+00:00,e8d045785cfc63f1
A000050,2026-02-22 11:52:07+00:00,R0013,2,0,0,Day,Moderate,accident_reports,B20260305T000843Z,2026-03-05T00:08:43+00:00,aa1a04b577ca712e
A000051,2026-02-13 07:36:34+00:00,R0014,6,0,0,Day,Severe,accident_reports,B20260305T000843Z,2026-03-05T00:08:43+00:00,971e10c6a94866d6
A000052,2026-02-15 23:36:32+00:00,R0003,4,0,0,Night,Severe,accident_reports,B20260305T000843Z,2026-03-05T00:08:43+00:00,6bd6f48d2b9077ef
A000053,2026-02-07 10:43:42+00:00,R0013,4,0,0,Day,Severe,accident_reports,B20260305T000843Z,2026-03-05T00:08:43+00:00,a0f3d9de61648e6a
A000054,2026-02-22 14:45:52+00:00,R0002,2,2,0,Day,Severe,accident_reports,B20260305T000843Z,2026-03-05T00:08:43+00:00,515729e8795093e8
A000055,2026-02-12 16:32:11+00:00,R0007,6,2,1,Day,Fatal,accident_reports,B20260305T000843Z,2026-03-05T00:08:43+00:00,b8949d95a2e8dbba
A000056,2026-02-18 11:49:41+00:00,R0015,4,3,0,Day,Severe,accident_reports,B20260305T000843Z,2026-03-05T00:08:43+00:00,9386bf280a0f414b
A000057,2026-02-17 08:13:15+00:00,R0014,4,3,0,Day,Fatal,accident_reports,B20260305T000843Z,2026-03-05T00:08:43+00:00,40c22196ca32a68b
A000058,2026-02-25 23:44:52+00:00,R0023,1,1,0,Night,Severe,accident_reports,B20260305T000843Z,2026-03-05T00:08:43+00:00,3bc875ea0af4d49d
A000059,2026-02-27 13:08:35+00:00,R0008,2,0,0,Day,Moderate,accident_reports,B20260305T000843Z,2026-03-05T00:08:43+00:00,03798579838ebb8e
A000060,2026-02-20 10:32:28+00:00,R0017,4,0,0,Day,Moderate,accident_reports,B20260305T000843Z,2026-03-05T00:08:43+00:00,574855ad2cbec931
A000061,2026-02-25 04:44:53+00:00,R0021,4,2,0,Night,Severe,accident_reports,B20260305T000843Z,2026-03-05T00:08:43+00:00,ea1e3a2dd7ca25a9
A000062,2026-02-15 19:21:38+00:00,R0014,2,0,0,Night,Severe,accident_reports,B20260305T000843Z,2026-03-05T00:08:43+00:00,e17316c1423643bf
A000063,2026-02-05 20:05:40+00:00,R0012,3,2,0,Night,Severe,accident_reports,B20260305T000843Z,2026-03-05T00:08:43+00:00,e741ad2f6ad63bdc
A000064,2026-03-02 03:53:34+00:00,R0005,1,1,0,Night,Severe,accident_reports,B20260305T000843Z,2026-03-05T00:08:43+00:00,feefd47fbe5d63f6
A000065,2026-02-18 00:05:13+00:00,R0009,3,0,0,Night,Moderate,accident_reports,B20260305T000843Z,2026-03-05T00:08:43+00:00,9e1b9218427d91dc
A000066,2026-02-12 17:09:09+00:00,R0007,6,1,0,Day,Fatal,accident_reports,B20260305T000843Z,2026-03-05T00:08:43+00:00,4a51dd3ef2666783
A000067,2026-02-17 13:31:26+00:00,R0014,3,2,0,Day,Severe,accident_reports,B20260305T000843Z,2026-03-05T00:08:43+00:00,73406eedfbb8426d
A000068,2026-02-19 03:00:34+00:00,R0011,4,1,0,Night,Severe,accident_reports,B20260305T000843Z,2026-03-05T00:08:43+00:00,1ee8eead4969c026
A000069,2026-02-05 04:05:24+00:00,R0006,4,0,0,Night,Severe,accident_reports,B20260305T000843Z,2026-03-05T00:08:43+00:00,22f4f8b8f95ed9db
A000070,2026-02-26 17:32:36+00:00,R0001,4,2,0,Day,Severe,accident_reports,B20260305T000843Z,2026-03-05T00:08:43+00:00,44b9e0172415f885
A000071,2026-03-01 12:11:16+00:00,R0017,5,1,0,Day,Severe,accident_reports,B20260305T000843Z,2026-03-05T00:08:43+00:00,80ef648160cbebb6
A000072,2026-02-04 10:34:49+00:00,R0023,2,1,0,Day,Moderate,accident_reports,B20260305T000843Z,2026-03-05T00:08:43+00:00,35ef3065c5a3bd53
A000073,2026-02-25 15:24:24+00:00,R0010,5,0,0,Day,Moderate,accident_reports,B20260305T000843Z,2026-03-05T00:08:43+00:00,e5a90760deb075d9
A000074,2026-02-12 11:09:08+00:00,R0005,3,3,0,Day,Severe,accident_reports,B20260305T000843Z,2026-03-05T00:08:43+00:00,67c94e2447879f70
A000075,2026-02-05 08:07:46+00:00,R0009,4,0,0,Day,Moderate,accident_reports,B20260305T000843Z,2026-03-05T00:08:43+00:00,9c345b68e69c88c5
A000076,2026-02-23 02:42:41+00:00,R0015,4,1,1,Night,Fatal,accident_reports,B20260305T000843Z,2026-03-05T00:08:43+00:00,61f91c4e8ef24cdd
A000077,2026-02-07 03:48:17+00:00,R0009,4,2,0,Night,Fatal,accident_reports,B20260305T000843Z,2026-03-05T00:08:43+00:00,eaa41d288001bd4c
A000078,2026-02-13 22:16:02+00:00,R0009,1,0,0,Night,Moderate,accident_reports,B20260305T000843Z,2026-03-05T00:08:43+00:00,907d3358cfd1c3ba
A000079,2026-02-06 15:50:38+00:00,R0002,3,0,0,Day,Moderate,accident_reports,B20260305T000843Z,2026-03-05T00:08:43+00:00,59ec54923cd26368
A000080,2026-02-26 07:23:34+00:00,R0013,2,2,0,Day,Severe,accident_reports,B20260305T000843Z,2026-03-05T00:08:43+00:00,76aec3c208ce9582
A000081,2026-02-04 16:38:20+00:00,R0015,5,1,0,Day,Severe,accident_reports,B20260305T000843Z,2026-03-05T00:08:43+00:00,73b7274ecb62b981
A000082,2026-02-09 18:51:40+00:00,R0001,4,1,0,Night,Severe,accident_reports,B20260305T000843Z,2026-03-05T00:08:43+00:00,819e2325b4b309e2
A000083,2026-02-14 01:10:15+00:00,R0009,4,0,2,Night,Fatal,accident_reports,B20260305T000843Z,2026-03-05T00:08:43+00:00,31f7e3b769bee494
A000084,2026-02-21 13:01:46+00:00,R0007,3,1,0,Day,Severe,accident_reports,B20260305T000843Z,2026-03-05T00:08:43+00:00,1ec7bfa9f32ce873
A000085,2026-02-03 06:51:29+00:00,R0012,3,2,0,Day,Severe,accident_reports,B20260305T000843Z,2026-03-05T00:08:43+00:00,873dd66ce2d92e64
A000086,2026-02-12 08:52:56+00:00,R0021,4,1,1,Day,Fatal,accident_reports,B20260305T000843Z,2026-03-05T00:08:43+00:00,091290ae54dfd331
A000087,2026-02-21 14:55:22+00:00,R0011,6,0,0,Day,Severe,accident_reports,B20260305T000843Z,2026-03-05T00:08:43+00:00,858bd79961f06e2b
A000088,2026-02-25 14:06:58+00:00,R0004,3,0,0,Day,Severe,accident_reports,B20260305T000843Z,2026-03-05T00:08:43+00:00,d9a0ce0029646d0e
A000089,2026-02-16 10:47:17+00:00,R0023,2,2,0,Day,Severe,accident_reports,B20260305T000843Z,2026-03-05T00:08:43+00:00,8a3659c4d6a15aa4
A000090,2026-02-16 14:46:25+00:00,R0004,7,1,0,Day,Severe,accident_reports,B20260305T000843Z,2026-03-05T00:08:43+00:00,57f15199ad961fb3
A000091,2026-02-17 20:24:33+00:00,R0017,4,3,0,Night,Fatal,accident_reports,B20260305T000843Z,2026-03-05T00:08:43+00:00,5d4301dd53dc2304
A000092,2026-02-26 20:29:16+00:00,R0008,2,1,0,Night,Severe,accident_reports,B20260305T000843Z,2026-03-05T00:08:43+00:00,733fdab1d6141925
A000093,2026-02-23 16:59:42+00:00,R0004,3,2,0,Day,Severe,accident_reports,B20260305T000843Z,2026-03-05T00:08:43+00:00,25abcc7224bf1cca
A000094,2026-02-26 22:09:20+00:00,R0019,4,3,0,Night,Fatal,accident_reports,B20260305T000843Z,2026-03-05T00:08:43+00:00,fa699b39debb16e2
A000095,2026-03-04 17:22:40+00:00,R0022,1,1,0,Day,Moderate,accident_reports,B20260305T000843Z,2026-03-05T00:08:43+00:00,22c1abc331b14460
A000096,2026-02-14 06:21:15+00:00,R0004,1,0,0,Day,Moderate,accident_reports,B20260305T000843Z,2026-03-05T00:08:43+00:00,b7ff2bb7402102d1
A000097,2026-02-17 13:07:08+00:00,R0023,2,0,0,Day,Moderate,accident_reports,B20260305T000843Z,2026-03-05T00:08:43+00:00,55734567bc98ece8
A000098,2026-03-02 01:59:13+00:00,R0020,4,2,0,Night,Severe,accident_reports,B20260305T000843Z,2026-03-05T00:08:43+00:00,81a5f00b2cce0f21
A000099,2026-02-20 08:16:33+00:00,R0016,3,0,0,Day,Moderate,accident_reports,B20260305T000843Z,2026-03-05T00:08:43+00:00,e47c9d4e8c177ca7
A000100,2026-02-24 02:34:36+00:00,R0011,1,0,0,Night,Moderate,accident_reports,B20260305T000843Z,2026-03-05T00:08:43+00:00,373c83a16fdc2a52
A000101,2026-02-23 17:49:44+00:00,R0006,5,0,1,Day,Fatal,accident_reports,B20260305T000843Z,2026-03-05T00:08:43+00:00,68e7a09cbe2c43f9
A000102,2026-02-05 10:50:45+00:00,R0005,2,0,0,Day,Moderate,accident_reports,B20260305T000843Z,2026-03-05T00:08:43+00:00,2db79eb8028c9d44
A000103,2026-02-11 10:00:03+00:00,R0016,2,1,0,Day,Moderate,accident_reports,B20260305T000843Z,2026-03-05T00:08:43+00:00,8c1fac6d74311da3
A000104,2026-02-07 19:56:17+00:00,R0013,4,0,0,Night,Severe,accident_reports,B20260305T000843Z,2026-03-05T00:08:43+00:00,13f470820dfcb3af
A000105,2026-02-22 15:39:11+00:00,R0005,6,0,0,Day,Moderate,accident_reports,B20260305T000843Z,2026-03-05T00:08:43+00:00,81fc8e2cef9a9647
A000106,2026-03-04 10:31:11+00:00,R0003,2,1,0,Day,Severe,accident_reports,B20260305T000843Z,2026-03-05T00:08:43+00:00,8a668b8e93a19337
A000107,2026-02-14 01:19:10+00:00,R0002,2,2,0,Night,Severe,accident_reports,B20260305T000843Z,2026-03-05T00:08:43+00:00,75cfb5b868e7af79
A000108,2026-02-04 17:45:30+00:00,R0004,6,2,0,Day,Severe,accident_reports,B20260305T000843Z,2026-03-05T00:08:43+00:00,87bd1d51a11479af
A000109,2026-02-13 06:00:19+00:00,R0004,5,2,0,Day,Fatal,accident_reports,B20260305T000843Z,2026-03-05T00:08:43+00:00,207bf79d3f350778
A000110,2026-02-15 10:06:12+00:00,R0008,6,0,0,Day,Moderate,accident_reports,B20260305T000843Z,2026-03-05T00:08:43+00:00,738cd7035cc1aeb3
A000111,2026-03-02 08:24:04+00:00,R0022,2,0,0,Day,Moderate,accident_reports,B20260305T000843Z,2026-03-05T00:08:43+00:00,43f6183613c3f740
A000112,2026-02-04 07:42:13+00:00,R0004,3,1,0,Day,Severe,accident_reports,B20260305T000843Z,2026-03-05T00:08:43+00:00,1ce195190b1bb549
A000113,2026-02-19 03:20:09+00:00,R0001,4,0,0,Night,Severe,accident_reports,B20260305T000843Z,2026-03-05T00:08:43+00:00,ccd6abb88c05dda9
A000114,2026-02-03 09:35:29+00:00,R0010,2,1,0,Day,Severe,accident_reports,B20260305T000843Z,2026-03-05T00:08:43+00:00,34cfc03486fd0497
A000115,2026-02-23 03:11:33+00:00,R0001,4,1,0,Night,Fatal,accident_reports,B20260305T000843Z,2026-03-05T00:08:43+00:00,3fb953e363278844
A000116,2026-02-15 01:04:59+00:00,R0017,1,1,0,Night,Severe,accident_reports,B20260305T000843Z,2026-03-05T00:08:43+00:00,8262b352ab8068c4
A000117,2026-02-12 07:14:14+00:00,R0010,2,2,0,Day,Severe,accident_reports,B20260305T000843Z,2026-03-05T00:08:43+00:00,4a3c53db66f1045a
A000118,2026-02-03 17:39:07+00:00,R0008,4,0,0,Day,Moderate,accident_reports,B20260305T000843Z,2026-03-05T00:08:43+00:00,b287660d8ac52a4a
A000119,2026-03-03 10:43:03+00:00,R0000,7,1,0,Day,Severe,accident_reports,B20260305T000843Z,2026-03-05T00:08:43+00:00,5fa8d4dd4e9fb0e3
A000120,2026-03-04 10:58:52+00:00,R0021,3,2,0,Day,Severe,accident_reports,B20260305T000843Z,2026-03-05T00:08:43+00:00,1a8995d838b88973
A000121,2026-03-02 12:50:45+00:00,R0023,4,0,0,Day,Moderate,accident_reports,B20260305T000843Z,2026-03-05T00:08:43+00:00,230383f877e6d9a5
A000122,2026-02-09 00:23:40+00:00,R0002,5,3,0,Night,Fatal,accident_reports,B20260305T000843Z,2026-03-05T00:08:43+00:00,9d5f371522cff02f
A000123,2026-03-01 15:02:34+00:00,R0002,3,0,1,Day,Fatal,accident_reports,B20260305T000843Z,2026-03-05T00:08:43+00:00,58e5fab56ea5cb5e
A000124,2026-02-11 13:13:22+00:00,R0012,5,1,0,Day,Severe,accident_reports,B20260305T000843Z,2026-03-05T00:08:43+00:00,365a2956d0a9aac8
A000125,2026-02-16 06:20:26+00:00,R0005,3,1,0,Day,Moderate,accident_reports,B20260305T000843Z,2026-03-05T00:08:43+00:00,11114ee37e431992
A000126,2026-02-14 09:22:08+00:00,R0000,4,1,0,Day,Severe,accident_reports,B20260305T000843Z,2026-03-05T00:08:43+00:00,3d0d2e870dcd8231
A000127,2026-02-10 07:52:07+00:00,R0018,5,3,0,Day,Severe,accident_reports,B20260305T000843Z,2026-03-05T00:08:43+00:00,6678dc08782eebc7
A000128,2026-02-14 23:35:12+00:00,R0014,2,0,0,Night,Moderate,accident_reports,B20260305T000843Z,2026-03-05T00:08:43+00:00,be3898894f40fecd
A000129,2026-02-06 19:43:29+00:00,R0002,6,2,0,Night,Fatal,accident_reports,B20260305T000843Z,2026-03-05T00:08:43+00:00,4ec39b173f8aa486
A000130,2026-02-10 12:34:12+00:00,R0005,2,1,0,Day,Moderate,accident_reports,B20260305T000843Z,2026-03-05T00:08:43+00:00,9802e62c35d6def7
A000131,2026-02-21 14:36:40+00:00,R0013,4,0,0,Day,Moderate,accident_reports,B20260305T000843Z,2026-03-05T00:08:43+00:00,5255cb691750bade
A000132,2026-02-04 03:37:44+00:00,R0014,2,0,1,Night,Fatal,accident_reports,B20260305T000843Z,2026-03-05T00:08:43+00:00,b5f0335a7eea2730
A000133,2026-02-15 19:13:14+00:00,R0011,3,0,0,Night,Severe,accident_reports,B20260305T000843Z,2026-03-05T00:08:43+00:00,7662a3c9e40f96b8
A000134,2026-02-11 23:44:20+00:00,R0021,6,0,0,Night,Severe,accident_reports,B20260305T000843Z,2026-03-05T00:08:43+00:00,0f81855385db35aa
A000135,2026-02-05 06:15:08+00:00,R0017,4,1,0,Day,Severe,accident_reports,B20260305T000843Z,2026-03-05T00:08:43+00:00,74b829e3fabba7b7
A000136,2026-02-17 07:09:09+00:00,R0017,3,0,0,Day,Moderate,accident_reports,B20260305T000843Z,2026-03-05T00:08:43+00:00,d70509f3c3820534
A000137,2026-03-01 08:35:06+00:00,R0001,3,0,0,Day,Severe,accident_reports,B20260305T000843Z,2026-03-05T00:08:43+00:00,cb84e9e4cbf413ab
A000138,2026-02-20 05:12:16+00:00,R0010,5,0,0,Night,Severe,accident_reports,B20260305T000843Z,2026-03-05T00:08:43+00:00,9c67a80693d11605
A000139,2026-02-27 22:14:31+00:00,R0007,5,0,0,Night,Fatal,accident_reports,B20260305T000843Z,2026-03-05T00:08:43+00:00,ea89f9b5ec23d989
A000140,2026-02-23 16:37:34+00:00,R0010,3,0,0,Day,Moderate,accident_reports,B20260305T000843Z,2026-03-05T00:08:43+00:00,1d37d08cdc628874
A000141,2026-02-26 06:07:43+00:00,R0007,5,2,0,Day,Severe,accident_reports,B20260305T000843Z,2026-03-05T00:08:43+00:00,11cf36cabdfd09b0
A000142,2026-02-14 14:38:22+00:00,R0007,3,0,0,Day,Moderate,accident_reports,B20260305T000843Z,2026-03-05T00:08:43+00:00,cbd15e3eab9214d0
A000143,2026-03-02 03:05:39+00:00,R0005,3,2,0,Night,Severe,accident_reports,B20260305T000843Z,2026-03-05T00:08:43+00:00,8fa3826fd5db91c6
A000144,2026-02-17 21:03:53+00:00,R0020,2,1,0,Night,Severe,accident_reports,B20260305T000843Z,2026-03-05T00:08:43+00:00,43193d6fc35ec5f7
A000145,2026-02-23 08:22:38+00:00,R0019,4,1,0,Day,Moderate,accident_reports,B20260305T000843Z,2026-03-05T00:08:43+00:00,5bcb644866b5a32e
A000146,2026-02-11 10:27:24+00:00,R0014,1,0,0,Day,Moderate,accident_reports,B20260305T000843Z,2026-03-05T00:08:43+00:00,6f238c3b06ea100e
A000147,2026-02-12 02:33:58+00:00,R0021,4,2,0,Night,Severe,accident_reports,B20260305T000843Z,2026-03-05T00:08:43+00:00,6337a2a0160fab24
A000148,2026-02-16 21:32:13+00:00,R0013,3,2,0,Night,Fatal,accident_reports,B20260305T000843Z,2026-03-05T00:08:43+00:00,d0b4075e0a46b9b8
A000149,2026-02-24 07:56:11+00:00,R0003,3,2,0,Day,Moderate,accident_reports,B20260305T000843Z,2026-03-05T00:08:43+00:00,9296850b9f5c405c
A000150,2026-02-13 04:49:58+00:00,R0018,1,2,0,Night,Severe,accident_reports,B20260305T000843Z,2026-03-05T00:08:43+00:00,474bf3a0a9390aaf
A000151,2026-02-17 17:18:08+00:00,R0004,6,0,0,Day,Severe,accident_reports,B20260305T000843Z,2026-03-05T00:08:43+00:00,ed4733c141a85045
A000152,2026-02-22 10:50:36+00:00,R0023,3,0,0,Day,Moderate,accident_reports,B20260305T000843Z,2026-03-05T00:08:43+00:00,c9416f020e3a8b66
A000153,2026-02-24 17:20:32+00:00,R0013,4,2,0,Day,Moderate,accident_reports,B20260305T000843Z,2026-03-05T00:08:43+00:00,be4cd1afb5ed9593
A000154,2026-02-11 10:07:38+00:00,R0015,2,0,0,Day,Moderate,accident_reports,B20260305T000843Z,2026-03-05T00:08:43+00:00,6a7202754f9b924c
A000155,2026-02-23 09:19:31+00:00,R0022,2,0,0,Day,Moderate,accident_reports,B20260305T000843Z,2026-03-05T00:08:43+00:00,d9bec662b498deaa
A000156,2026-02-20 04:43:22+00:00,R0005,2,1,0,Night,Severe,accident_reports,B20260305T000843Z,2026-03-05T00:08:43+00:00,61720c32df0a12a5
A000157,2026-03-01 02:57:48+00:00,R0023,4,1,0,Night,Severe,accident_reports,B20260305T000843Z,2026-03-05T00:08:43+00:00,d3628dfe38079cb8
A000158,2026-02-03 12:02:52+00:00,R0015,1,2,0,Day,Severe,accident_reports,B20260305T000843Z,2026-03-05T00:08:43+00:00,880c2e0aead0d07a
A000159,2026-02-07 09:09:10+00:00,R0014,2,0,0,Day,Moderate,accident_reports,B20260305T000843Z,2026-03-05T00:08:43+00:00,99ec9f3ed32d337b
A000160,2026-03-02 10:56:00+00:00,R0007,4,0,0,Day,Severe,accident_reports,B20260305T000843Z,2026-03-05T00:08:43+00:00,5eee8a47acd05d6f
A000161,2026-02-22 09:20:19+00:00,R0020,1,0,0,Day,Moderate,accident_reports,B20260305T000843Z,2026-03-05T00:08:43+00:00,affa601063b1fbf7
A000162,2026-03-02 17:32:11+00:00,R0023,4,1,0,Day,Severe,accident_reports,B20260305T000843Z,2026-03-05T00:08:43+00:00,187c357acb3ce7b2
A000163,2026-02-08 02:31:50+00:00,R0007,4,1,0,Night,Fatal,accident_reports,B20260305T000843Z,2026-03-05T00:08:43+00:00,31b4facd6d56cd73
A000164,2026-02-19 23:14:24+00:00,R0003,4,3,0,Night,Fatal,accident_reports,B20260305T000843Z,2026-03-05T00:08:43+00:00,5d98676eabc9ea83
A000165,2026-02-23 03:46:20+00:00,R0023,2,0,0,Night,Moderate,accident_reports,B20260305T000843Z,2026-03-05T00:08:43+00:00,316ea3a30a5d3d14
A000166,2026-02-28 03:08:07+00:00,R0014,8,2,0,Night,Fatal,accident_reports,B20260305T000843Z,2026-03-05T00:08:43+00:00,e8b085f5b9b90211
A000167,2026-02-22 11:07:01+00:00,R0003,4,0,0,Day,Moderate,accident_reports,B20260305T000843Z,2026-03-05T00:08:43+00:00,01c16fdf2d1d1838
A000168,2026-02-22 13:30:09+00:00,R0007,3,1,0,Day,Severe,accident_reports,B20260305T000843Z,2026-03-05T00:08:43+00:00,09145b6c61487912
A000169,2026-03-03 04:19:16+00:00,R0022,4,0,1,Night,Fatal,accident_reports,B20260305T000843Z,2026-03-05T00:08:43+00:00,0008b99b5123789c
A000170,2026-02-23 11:02:53+00:00,R0019,2,0,0,Day,Minor,accident_reports,B20260305T000843Z,2026-03-05T00:08:43+00:00,a725602d400b0be3
A000171,2026-02-07 13:54:31+00:00,R0015,1,1,0,Day,Severe,accident_reports,B20260305T000843Z,2026-03-05T00:08:43+00:00,ca9aef2c862d423f
A000172,2026-03-01 15:00:08+00:00,R0000,2,0,0,Day,Moderate,accident_reports,B20260305T000843Z,2026-03-05T00:08:43+00:00,765cb9b8dd3fea66
A000173,2026-02-25 16:50:39+00:00,R0009,3,1,0,Day,Moderate,accident_reports,B20260305T000843Z,2026-03-05T00:08:43+00:00,54636545a46c9d29
A000174,2026-02-12 09:11:59+00:00,R0007,3,1,0,Day,Severe,accident_reports,B20260305T000843Z,2026-03-05T00:08:43+00:00,d3e916fb62bdd4d1
A000175,2026-02-27 01:01:15+00:00,R0018,2,0,0,Night,Moderate,accident_reports,B20260305T000843Z,2026-03-05T00:08:43+00:00,62a1e6b39f8dc4a7
A000176,2026-03-04 09:36:13+00:00,R0011,2,0,1,Day,Fatal,accident_reports,B20260305T000843Z,2026-03-05T00:08:43+00:00,543258eca69d20e7
A000177,2026-03-03 13:22:42+00:00,R0023,4,1,0,Day,Severe,accident_reports,B20260305T000843Z,2026-03-05T00:08:43+00:00,5083745174e7265c
A000178,2026-02-28 06:02:23+00:00,R0022,3,0,0,Day,Moderate,accident_reports,B20260305T000843Z,2026-03-05T00:08:43+00:00,dee07138cc0c2494
A000179,2026-02-13 11:58:13+00:00,R0000,1,0,0,Day,Moderate,accident_reports,B20260305T000843Z,2026-03-05T00:08:43+00:00,aea01f838b7f27ec
A000180,2026-02-07 14:02:58+00:00,R0017,2,0,0,Day,Moderate,accident_reports,B20260305T000843Z,2026-03-05T00:08:43+00:00,77949c799976f807
A000181,2026-02-27 13:05:18+00:00,R0006,4,2,0,Day,Severe,accident_reports,B20260305T000843Z,2026-03-05T00:08:43+00:00,3baf255d3c35dd29
A000182,2026-02-27 07:00:13+00:00,R0018,4,1,0,Day,Moderate,accident_reports,B20260305T000843Z,2026-03-05T00:08:43+00:00,723f4a6fba147e0e
A000183,2026-02-12 11:05:22+00:00,R0001,4,0,0,Day,Severe,accident_reports,B20260305T000843Z,2026-03-05T00:08:43+00:00,6086d376f2574864
A000184,2026-02-19 11:35:21+00:00,R0003,1,0,0,Day,Moderate,accident_reports,B20260305T000843Z,2026-03-05T00:08:43+00:00,945e1d241141eeca
A000185,2026-02-15 10:26:47+00:00,R0003,3,0,0,Day,Moderate,accident_reports,B20260305T000843Z,2026-03-05T00:08:43+00:00,1aa3e89545e18bdb
A000186,2026-02-07 23:23:22+00:00,R0022,3,1,0,Night,Severe,accident_reports,B20260305T000843Z,2026-03-05T00:08:43+00:00,31f0b079390d749c
A000187,2026-02-09 07:57:45+00:00,R0002,3,0,0,Day,Severe,accident_reports,B20260305T000843Z,2026-03-05T00:08:43+00:00,c125a5f1108d692b
A000188,2026-02-10 09:38:56+00:00,R0010,1,0,0,Day,Minor,accident_reports,B20260305T000843Z,2026-03-05T00:08:43+00:00,d85098dd72188c67
A000189,2026-02-17 09:58:08+00:00,R0010,1,1,0,Day,Severe,accident_reports,B20260305T000843Z,2026-03-05T00:08:43+00:00,3c0658f262823027
A000190,2026-02-07 02:54:38+00:00,R0012,4,1,0,Night,Fatal,accident_reports,B20260305T000843Z,2026-03-05T00:08:43+00:00,7a81229674ada77d
A000191,2026-02-24 11:55:00+00:00,R0017,2,1,0,Day,Moderate,accident_reports,B20260305T000843Z,2026-03-05T00:08:43+00:00,790c5ac858bb9e71
A000192,2026-02-24 00:46:40+00:00,R0002,6,0,0,Night,Severe,accident_reports,B20260305T000843Z,2026-03-05T00:08:43+00:00,ac7570a4fe96d2f8
A000193,2026-03-04 20:15:19+00:00,R0015,4,0,1,Night,Fatal,accident_reports,B20260305T000843Z,2026-03-05T00:08:43+00:00,54cf6b5b473523b3
A000194,2026-02-16 12:49:25+00:00,R0013,6,2,0,Day,Fatal,accident_reports,B20260305T000843Z,2026-03-05T00:08:43+00:00,27af04d2d2dd40a8
A000195,2026-02-07 00:35:40+00:00,R0007,2,3,0,Night,Fatal,accident_reports,B20260305T000843Z,2026-03-05T00:08:43+00:00,730147ca036a0b2e
A000196,2026-02-17 13:13:54+00:00,R0011,1,0,0,Day,Moderate,accident_reports,B20260305T000843Z,2026-03-05T00:08:43+00:00,7cb54644fe0c1e87
A000197,2026-02-20 13:50:33+00:00,R0002,4,0,0,Day,Severe,accident_reports,B20260305T000843Z,2026-03-05T00:08:43+00:00,68ef2231a67abe6c
A000198,2026-02-04 09:25:56+00:00,R0004,4,0,0,Day,Moderate,accident_reports,B20260305T000843Z,2026-03-05T00:08:43+00:00,0d8c2b682efcfd0a
A000199,2026-02-07 08:34:47+00:00,R0014,6,1,0,Day,Severe,accident_reports,B20260305T000843Z,2026-03-05T00:08:43+00:00,d25d34aaf0b2b18d
A000200,2026-02-28 10:48:18+00:00,R0020,5,1,0,Day,Moderate,accident_reports,B20260305T000843Z,2026-03-05T00:08:43+00:00,2307d305795b22d9
A000201,2026-02-17 14:53:21+00:00,R0010,2,1,0,Day,Moderate,accident_reports,B20260305T000843Z,2026-03-05T00:08:43+00:00,dfbf4867177f5d43
A000202,2026-02-11 12:37:49+00:00,R0013,4,0,1,Day,Fatal,accident_reports,B20260305T000843Z,2026-03-05T00:08:43+00:00,0e9498cc719c5f4a
A000203,2026-02-04 16:08:17+00:00,R0010,3,0,1,Day,Fatal,accident_reports,B20260305T000843Z,2026-03-05T00:08:43+00:00,ba1137698ec145c8
A000204,2026-02-10 06:01:04+00:00,R0005,3,3,0,Day,Severe,accident_reports,B20260305T000843Z,2026-03-05T00:08:43+00:00,06414bdf5cc1cf43
A000205,2026-02-13 16:55:07+00:00,R0000,5,1,0,Day,Severe,accident_reports,B20260305T000843Z,2026-03-05T00:08:43+00:00,8ae155b1f717605a
A000206,2026-02-08 17:38:55+00:00,R0014,3,0,0,Day,Moderate,accident_reports,B20260305T000843Z,2026-03-05T00:08:43+00:00,af10c5b09540063e
A000207,2026-03-03 09:00:24+00:00,R0009,3,1,0,Day,Moderate,accident_reports,B20260305T000843Z,2026-03-05T00:08:43+00:00,15401c8fb2497a03
A000208,2026-02-28 14:04:39+00:00,R0006,1,1,0,Day,Moderate,accident_reports,B20260305T000843Z,2026-03-05T00:08:43+00:00,e139e89a4e1e7bec
A000209,2026-03-04 01:10:52+00:00,R0015,4,1,0,Night,Severe,accident_reports,B20260305T000843Z,2026-03-05T00:08:43+00:00,1a10a19565212d5f
A000210,2026-02-23 16:52:35+00:00,R0005,2,2,0,Day,Severe,accident_reports,B20260305T000843Z,2026-03-05T00:08:43+00:00,061aa45b27e0d839
A000211,2026-02-11 07:52:21+00:00,R0017,4,0,0,Day,Moderate,accident_reports,B20260305T000843Z,2026-03-05T00:08:43+00:00,114ebb9dbf044360
A000212,2026-02-27 17:07:35+00:00,R0016,5,0,0,Day,Moderate,accident_reports,B20260305T000843Z,2026-03-05T00:08:43+00:00,13b7537d49575592
A000213,2026-02-18 08:36:30+00:00,R0006,2,1,0,Day,Moderate,accident_reports,B20260305T000843Z,2026-03-05T00:08:43+00:00,18971e3d907186c7
A000214,2026-02-12 14:23:41+00:00,R0009,3,2,0,Day,Severe,accident_reports,B20260305T000843Z,2026-03-05T00:08:43+00:00,e86307527c421f08
A000215,2026-02-22 01:16:16+00:00,R0006,2,0,0,Night,Moderate,accident_reports,B20260305T000843Z,2026-03-05T00:08:43+00:00,2051adb9e869b7d2
A000216,2026-02-05 23:02:11+00:00,R0022,4,2,0,Night,Severe,accident_reports,B20260305T000843Z,2026-03-05T00:08:43+00:00,194dca90451d9553
A000217,2026-02-12 19:52:35+00:00,R0000,2,1,0,Night,Severe,accident_reports,B20260305T000843Z,2026-03-05T00:08:43+00:00,561c84ffe0c52025
A000218,2026-02-13 00:17:47+00:00,R0021,3,0,0,Night,Moderate,accident_reports,B20260305T000843Z,2026-03-05T00:08:43+00:00,4cabc22f671e1618
A000219,2026-03-03 08:56:05+00:00,R0020,2,0,0,Day,Moderate,accident_reports,B20260305T000843Z,2026-03-05T00:08:43+00:00,f49e604d3325570e
A000220,2026-02-25 06:19:11+00:00,R0016,2,0,0,Day,Moderate,accident_reports,B20260305T000843Z,2026-03-05T00:08:43+00:00,35a6dea429fc8d25
A000221,2026-02-27 03:19:12+00:00,R0023,1,0,0,Night,Moderate,accident_reports,B20260305T000843Z,2026-03-05T00:08:43+00:00,14ca33e47ec644ff
A000222,2026-02-05 05:56:32+00:00,R0010,2,1,0,Night,Severe,accident_reports,B20260305T000843Z,2026-03-05T00:08:43+00:00,8782ccc2c14cec55
A000223,2026-02-21 11:54:54+00:00,R0006,4,1,0,Day,Severe,accident_reports,B20260305T000843Z,2026-03-05T00:08:43+00:00,6088a98e41162009
A000224,2026-02-08 14:42:17+00:00,R0015,2,1,0,Day,Severe,accident_reports,B20260305T000843Z,2026-03-05T00:08:43+00:00,02620e734c63637d
A000225,2026-02-26 16:57:15+00:00,R0014,4,1,0,Day,Severe,accident_reports,B20260305T000843Z,2026-03-05T00:08:43+00:00,a25c254f9b7c3a66
A000226,2026-03-03 01:12:19+00:00,R0005,4,0,0,Night,Severe,accident_reports,B20260305T000843Z,2026-03-05T00:08:43+00:00,0fa1921a6cb1250c
A000227,2026-02-20 09:35:42+00:00,R0021,5,1,0,Day,Severe,accident_reports,B20260305T000843Z,2026-03-05T00:08:43+00:00,cdfac805b0b7b843
A000228,2026-03-01 14:15:26+00:00,R0017,6,1,0,Day,Severe,accident_reports,B20260305T000843Z,2026-03-05T00:08:43+00:00,7fc7ed50ffe9d601
A000229,2026-02-06 09:33:52+00:00,R0006,3,0,0,Day,Moderate,accident_reports,B20260305T000843Z,2026-03-05T00:08:43+00:00,a60ca7b58299b3f6
A000230,2026-02-15 00:43:00+00:00,R0010,2,1,1,Night,Fatal,accident_reports,B20260305T000843Z,2026-03-05T00:08:43+00:00,c465d32b6f6b4627
A000231,2026-02-12 07:57:19+00:00,R0011,3,1,0,Day,Moderate,accident_reports,B20260305T000843Z,2026-03-05T00:08:43+00:00,9a4e8c4e044a6954
A000232,2026-02-04 16:53:17+00:00,R0001,1,0,0,Day,Moderate,accident_reports,B20260305T000843Z,2026-03-05T00:08:43+00:00,121e855c943a33f4
A000233,2026-02-14 07:51:20+00:00,R0018,1,1,0,Day,Moderate,accident_reports,B20260305T000843Z,2026-03-05T00:08:43+00:00,8c85da5a245f1b84
A000234,2026-02-11 14:42:07+00:00,R0009,2,0,0,Day,Moderate,accident_reports,B20260305T000843Z,2026-03-05T00:08:43+00:00,ac53d2c37a3c1cc0
A000235,2026-02-15 10:14:45+00:00,R0000,3,0,0,Day,Moderate,accident_reports,B20260305T000843Z,2026-03-05T00:08:43+00:00,36766956856527c0
A000236,2026-02-05 04:20:11+00:00,R0022,5,0,0,Night,Moderate,accident_reports,B20260305T000843Z,2026-03-05T00:08:43+00:00,58ab964a9a6fcf44
A000237,2026-02-26 13:11:07+00:00,R0015,3,1,0,Day,Moderate,accident_reports,B20260305T000843Z,2026-03-05T00:08:43+00:00,d9b1dbd8602cbfae
A000238,2026-02-04 18:36:05+00:00,R0014,2,1,0,Night,Severe,accident_reports,B20260305T000843Z,2026-03-05T00:08:43+00:00,6dad372bac6b8010
A000239,2026-03-03 14:55:04+00:00,R0008,3,0,0,Day,Minor,accident_reports,B20260305T000843Z,2026-03-05T00:08:43+00:00,6f63d0fed5986fb0
A000240,2026-03-04 07:48:23+00:00,R0014,1,1,0,Day,Moderate,accident_reports,B20260305T000843Z,2026-03-05T00:08:43+00:00,6bddd622cfcbd6fe
A000241,2026-02-07 07:54:12+00:00,R0012,1,3,0,Day,Severe,accident_reports,B20260305T000843Z,2026-03-05T00:08:43+00:00,ec19baa60b11c03e
A000242,2026-02-24 10:44:46+00:00,R0014,1,1,0,Day,Moderate,accident_reports,B20260305T000843Z,2026-03-05T00:08:43+00:00,c33fb159b9333eaa
A000243,2026-03-04 09:38:50+00:00,R0023,2,0,0,Day,Moderate,accident_reports,B20260305T000843Z,2026-03-05T00:08:43+00:00,2b223404f6c2b782
A000244,2026-02-23 10:16:00+00:00,R0009,6,0,0,Day,Moderate,accident_reports,B20260305T000843Z,2026-03-05T00:08:43+00:00,ad372f93ac30eb07
A000245,2026-03-02 12:47:50+00:00,R0002,3,1,0,Day,Moderate,accident_reports,B20260305T000843Z,2026-03-05T00:08:43+00:00,06d5f11690948af1
A000246,2026-03-01 23:14:20+00:00,R0001,5,1,1,Night,Fatal,accident_reports,B20260305T000843Z,2026-03-05T00:08:43+00:00,5e0cabe459c29b30
A000247,2026-02-03 15:03:27+00:00,R0000,6,2,0,Day,Severe,accident_reports,B20260305T000843Z,2026-03-05T00:08:43+00:00,e458a1300f7d4329
A000248,2026-02-04 10:43:10+00:00,R0008,2,0,0,Day,Moderate,accident_reports,B20260305T000843Z,2026-03-05T00:08:43+00:00,57975b851a832720
A000249,2026-02-25 22:52:23+00:00,R0012,3,1,0,Night,Severe,accident_reports,B20260305T000843Z,2026-03-05T00:08:43+00:00,d871d4f0c17a576b
A000250,2026-02-18 13:30:36+00:00,R0008,2,1,0,Day,Severe,accident_reports,B20260305T000843Z,2026-03-05T00:08:43+00:00,4bc2efbeb83e9d16
A000251,2026-02-21 14:25:45+00:00,R0021,3,2,0,Day,Severe,accident_reports,B20260305T000843Z,2026-03-05T00:08:43+00:00,c5a10e04ea5018bf
A000252,2026-02-23 15:20:15+00:00,R0001,5,1,0,Day,Severe,accident_reports,B20260305T000843Z,2026-03-05T00:08:43+00:00,df4cd0e5f42c24fa
A000253,2026-02-15 13:52:41+00:00,R0007,4,0,0,Day,Severe,accident_reports,B20260305T000843Z,2026-03-05T00:08:43+00:00,d1609bd8326c262a
A000254,2026-03-04 19:45:25+00:00,R0000,3,0,0,Night,Moderate,accident_reports,B20260305T000843Z,2026-03-05T00:08:43+00:00,4cf583c497d3aa88
A000255,2026-02-17 22:01:58+00:00,R0015,4,1,0,Night,Severe,accident_reports,B20260305T000843Z,2026-03-05T00:08:43+00:00,f75c8edc09f28e53
A000256,2026-03-01 01:35:59+00:00,R0007,8,3,0,Night,Fatal,accident_reports,B20260305T000843Z,2026-03-05T00:08:43+00:00,181fc6787eefc6e3
A000257,2026-02-12 20:26:23+00:00,R0016,4,0,0,Night,Moderate,accident_reports,B20260305T000843Z,2026-03-05T00:08:43+00:00,c8f8006dede63a8a
A000258,2026-03-01 22:49:06+00:00,R0003,5,1,1,Night,Fatal,accident_reports,B20260305T000843Z,2026-03-05T00:08:43+00:00,4894ab52f9d99d80
A000259,2026-02-20 01:17:45+00:00,R0014,1,1,0,Night,Severe,accident_reports,B20260305T000843Z,2026-03-05T00:08:43+00:00,add4760455094a7c
A000260,2026-02-20 17:56:01+00:00,R0012,4,0,0,Day,Severe,accident_reports,B20260305T000843Z,2026-03-05T00:08:43+00:00,09b5723bff714721
A000261,2026-02-23 12:06:38+00:00,R0001,1,1,0,Day,Severe,accident_reports,B20260305T000843Z,2026-03-05T00:08:43+00:00,2bafcd7db0be4b40
A000262,2026-03-02 02:53:14+00:00,R0004,3,0,0,Night,Moderate,accident_reports,B20260305T000843Z,2026-03-05T00:08:43+00:00,41c90361ba78f8b4
A000263,2026-02-08 00:03:18+00:00,R0020,3,2,0,Night,Severe,accident_reports,B20260305T000843Z,2026-03-05T00:08:43+00:00,28f9b2f23d504696
A000264,2026-03-01 04:13:02+00:00,R0014,5,3,0,Night,Severe,accident_reports,B20260305T000843Z,2026-03-05T00:08:43+00:00,e5e7b020cadc8193
A000265,2026-02-19 14:35:48+00:00,R0019,2,1,1,Day,Fatal,accident_reports,B20260305T000843Z,2026-03-05T00:08:43+00:00,cbca62f7b5fafcbf
A000266,2026-02-06 15:56:17+00:00,R0020,1,1,0,Day,Moderate,accident_reports,B20260305T000843Z,2026-03-05T00:08:43+00:00,32f6e5d63d75c3ca
A000267,2026-02-06 23:38:48+00:00,R0010,3,0,0,Night,Severe,accident_reports,B20260305T000843Z,2026-03-05T00:08:43+00:00,cd52cd868c7e12b9
A000268,2026-03-01 16:12:17+00:00,R0001,5,1,0,Day,Severe,accident_reports,B20260305T000843Z,2026-03-05T00:08:43+00:00,bb8fb58f95524aa4
A000269,2026-02-08 15:57:18+00:00,R0003,5,1,0,Day,Severe,accident_reports,B20260305T000843Z,2026-03-05T00:08:43+00:00,b69ddde85635308a
A000270,2026-02-22 20:12:04+00:00,R0023,4,0,0,Night,Moderate,accident_reports,B20260305T000843Z,2026-03-05T00:08:43+00:00,3ff9424a259bc4b4
A000271,2026-02-21 00:30:30+00:00,R0015,3,1,0,Night,Severe,accident_reports,B20260305T000843Z,2026-03-05T00:08:43+00:00,28a44ebea53b359a
A000272,2026-02-25 10:03:59+00:00,R0023,5,0,0,Day,Moderate,accident_reports,B20260305T000843Z,2026-03-05T00:08:43+00:00,d54183acc6107f7a
A000273,2026-02-10 18:45:32+00:00,R0020,1,0,0,Night,Moderate,accident_reports,B20260305T000843Z,2026-03-05T00:08:43+00:00,1ec53ac39e789af3
A000274,2026-02-10 01:39:59+00:00,R0000,3,2,0,Night,Severe,accident_reports,B20260305T000843Z,2026-03-05T00:08:43+00:00,67a6e21936a1e431
A000275,2026-02-05 11:20:45+00:00,R0011,3,0,0,Day,Moderate,accident_reports,B20260305T000843Z,2026-03-05T00:08:43+00:00,8849c4b4aef07a3e
A000276,2026-02-27 17:29:15+00:00,R0012,6,0,0,Day,Severe,accident_reports,B20260305T000843Z,2026-03-05T00:08:43+00:00,0d86181d21e7dd95
A000277,2026-02-06 20:26:09+00:00,R0008,1,0,0,Night,Moderate,accident_reports,B20260305T000843Z,2026-03-05T00:08:43+00:00,8ca6fbd8937b5a58
A000278,2026-02-28 10:54:33+00:00,R0004,3,0,0,Day,Moderate,accident_reports,B20260305T000843Z,2026-03-05T00:08:43+00:00,2e54991f641f0769
A000279,2026-02-17 15:15:06+00:00,R0003,2,1,0,Day,Moderate,accident_reports,B20260305T000843Z,2026-03-05T00:08:43+00:00,e876fbde341af65d
A000280,2026-02-27 02:30:48+00:00,R0007,4,2,0,Night,Fatal,accident_reports,B20260305T000843Z,2026-03-05T00:08:43+00:00,64bdf320d5bfe4d3
A000281,2026-02-10 09:04:07+00:00,R0019,2,0,0,Day,Minor,accident_reports,B20260305T000843Z,2026-03-05T00:08:43+00:00,f4a24a1469c2269f
A000282,2026-02-28 15:39:13+00:00,R0006,2,0,0,Day,Moderate,accident_reports,B20260305T000843Z,2026-03-05T00:08:43+00:00,e9e99dcbb6c727e4
A000283,2026-02-11 11:56:51+00:00,R0015,3,0,0,Day,Moderate,accident_reports,B20260305T000843Z,2026-03-05T00:08:43+00:00,4208102a677f6155
A000284,2026-02-07 20:28:06+00:00,R0012,3,2,0,Night,Fatal,accident_reports,B20260305T000843Z,2026-03-05T00:08:43+00:00,efd86ea1c2426023
A000285,2026-02-12 10:01:30+00:00,R0011,2,0,0,Day,Moderate,accident_reports,B20260305T000843Z,2026-03-05T00:08:43+00:00,3e44c7170c44022f
A000286,2026-02-12 02:06:14+00:00,R0012,4,0,0,Night,Severe,accident_reports,B20260305T000843Z,2026-03-05T00:08:43+00:00,86ccb8e7ec55a13b
A000287,2026-02-28 13:06:21+00:00,R0000,6,1,0,Day,Severe,accident_reports,B20260305T000843Z,2026-03-05T00:08:43+00:00,88a65e159c3acaf7
A000288,2026-02-25 06:17:04+00:00,R0004,3,1,0,Day,Severe,accident_reports,B20260305T000843Z,2026-03-05T00:08:43+00:00,d98f3eb2ebdbd111
A000289,2026-02-19 10:46:10+00:00,R0009,4,0,0,Day,Moderate,accident_reports,B20260305T000843Z,2026-03-05T00:08:43+00:00,e9c29f98f9365ca7
A000290,2026-02-23 13:37:58+00:00,R0018,1,0,0,Day,Minor,accident_reports,B20260305T000843Z,2026-03-05T00:08:43+00:00,f183c7141a36f61b
A000291,2026-02-25 16:51:20+00:00,R0003,2,0,0,Day,Moderate,accident_reports,B20260305T000843Z,2026-03-05T00:08:43+00:00,10ca4afd3f0928c9
A000292,2026-03-04 15:10:52+00:00,R0007,3,0,0,Day,Severe,accident_reports,B20260305T000843Z,2026-03-05T00:08:43+00:00,228fb076f2814e99
A000293,2026-02-22 10:53:19+00:00,R0002,1,0,0,Day,Moderate,accident_reports,B20260305T000843Z,2026-03-05T00:08:43+00:00,5c2635ec6f857fd0
A000294,2026-02-18 08:41:34+00:00,R0023,1,2,0,Day,Severe,accident_reports,B20260305T000843Z,2026-03-05T00:08:43+00:00,d9e326380d4c3b20
A000295,2026-02-20 23:15:28+00:00,R0014,3,1,0,Night,Severe,accident_reports,B20260305T000843Z,2026-03-05T00:08:43+00:00,820423a51e8e6066
A000296,2026-02-11 10:06:38+00:00,R0001,3,2,0,Day,Severe,accident_reports,B20260305T000843Z,2026-03-05T00:08:43+00:00,9879019b65625a9d
A000297,2026-02-03 10:36:17+00:00,R0004,7,1,0,Day,Severe,accident_reports,B20260305T000843Z,2026-03-05T00:08:43+00:00,08af00e295894c89
A000298,2026-02-12 23:18:37+00:00,R0015,4,0,0,Night,Severe,accident_reports,B20260305T000843Z,2026-03-05T00:08:43+00:00,6bbda587c65a2347
A000299,2026-02-13 09:39:14+00:00,R0007,4,0,1,Day,Fatal,accident_reports,B20260305T000843Z,2026-03-05T00:08:43+00:00,ed30bad0324ef321
A000300,2026-02-21 08:35:14+00:00,R0004,3,1,0,Day,Moderate,accident_reports,B20260305T000843Z,2026-03-05T00:08:43+00:00,7b3a4d3923d3d19d
A000301,2026-02-26 02:05:57+00:00,R0004,4,2,0,Night,Fatal,accident_reports,B20260305T000843Z,2026-03-05T00:08:43+00:00,7e533b4cef36d4dd
A000302,2026-02-08 19:39:54+00:00,R0011,4,0,0,Night,Severe,accident_reports,B20260305T000843Z,2026-03-05T00:08:43+00:00,1cdc864ff93b3a57
A000303,2026-02-16 23:08:37+00:00,R0006,1,1,1,Night,Fatal,accident_reports,B20260305T000843Z,2026-03-05T00:08:43+00:00,70d78800eb143edc
A000304,2026-03-02 16:38:24+00:00,R0001,3,0,0,Day,Severe,accident_reports,B20260305T000843Z,2026-03-05T00:08:43+00:00,d899e7c7002da1ff
A000305,2026-02-09 03:40:08+00:00,R0017,4,2,0,Night,Severe,accident_reports,B20260305T000843Z,2026-03-05T00:08:43+00:00,1e7f2bc1bde2afe6
A000306,2026-02-25 11:45:42+00:00,R0009,3,1,0,Day,Moderate,accident_reports,B20260305T000843Z,2026-03-05T00:08:43+00:00,d4438a8cf49c65c0
A000307,2026-02-22 17:42:28+00:00,R0009,3,1,0,Day,Severe,accident_reports,B20260305T000843Z,2026-03-05T00:08:43+00:00,87141a2a15723618
A000308,2026-02-05 13:59:37+00:00,R0019,3,0,0,Day,Moderate,accident_reports,B20260305T000843Z,2026-03-05T00:08:43+00:00,09dfd1bcb9dd35d7
A000309,2026-02-07 05:40:10+00:00,R0010,2,0,0,Night,Severe,accident_reports,B20260305T000843Z,2026-03-05T00:08:43+00:00,a180c431b5e2981c
A000310,2026-02-21 08:43:37+00:00,R0002,4,0,0,Day,Moderate,accident_reports,B20260305T000843Z,2026-03-05T00:08:43+00:00,77d70b05524c4851
A000311,2026-03-03 18:49:16+00:00,R0013,3,2,0,Night,Severe,accident_reports,B20260305T000843Z,2026-03-05T00:08:43+00:00,8628c9648471c395
A000312,2026-02-19 11:00:13+00:00,R0017,6,0,0,Day,Moderate,accident_reports,B20260305T000843Z,2026-03-05T00:08:43+00:00,ba7123dba2d3318b
A000313,2026-02-20 03:29:05+00:00,R0019,3,0,0,Night,Moderate,accident_reports,B20260305T000843Z,2026-03-05T00:08:43+00:00,2ec1e32bd5edd50a
A000314,2026-02-14 16:04:20+00:00,R0011,3,1,0,Day,Severe,accident_reports,B20260305T000843Z,2026-03-05T00:08:43+00:00,6dc0051471636c75
A000315,2026-02-20 16:01:40+00:00,R0012,6,0,0,Day,Moderate,accident_reports,B20260305T000843Z,2026-03-05T00:08:43+00:00,0fb7ac10926ba306
A000316,2026-02-09 14:21:56+00:00,R0019,3,1,0,Day,Moderate,accident_reports,B20260305T000843Z,2026-03-05T00:08:43+00:00,7458cf6c4e01749f
A000317,2026-03-03 12:39:52+00:00,R0009,6,1,0,Day,Severe,accident_reports,B20260305T000843Z,2026-03-05T00:08:43+00:00,d1a241ea39885f70
A000318,2026-02-18 20:57:00+00:00,R0000,1,2,0,Night,Severe,accident_reports,B20260305T000843Z,2026-03-05T00:08:43+00:00,6b8cb610034d3231
A000319,2026-02-21 03:13:35+00:00,R0004,3,0,0,Night,Moderate,accident_reports,B20260305T000843Z,2026-03-05T00:08:43+00:00,6b7aded4a63e050d
A000320,2026-02-09 17:59:26+00:00,R0021,4,1,1,Day,Fatal,accident_reports,B20260305T000843Z,2026-03-05T00:08:43+00:00,96c8fa2bcbf96ae6
A000321,2026-02-20 11:33:50+00:00,R0020,4,0,0,Day,Moderate,accident_reports,B20260305T000843Z,2026-03-05T00:08:43+00:00,af96e7e7c30b080d
A000322,2026-02-03 20:27:57+00:00,R0001,3,1,0,Night,Severe,accident_reports,B20260305T000843Z,2026-03-05T00:08:43+00:00,70b584a011c66d13
A000323,2026-02-06 09:03:52+00:00,R0000,1,1,0,Day,Moderate,accident_reports,B20260305T000843Z,2026-03-05T00:08:43+00:00,927b625aefcf315a
A000324,2026-02-28 07:11:30+00:00,R0004,2,2,1,Day,Fatal,accident_reports,B20260305T000843Z,2026-03-05T00:08:43+00:00,5b0ab814d12a3a2c
A000325,2026-02-20 11:00:37+00:00,R0021,5,1,0,Day,Severe,accident_reports,B20260305T000843Z,2026-03-05T00:08:43+00:00,a43d8b9e5d3880bc
A000326,2026-03-04 01:38:09+00:00,R0010,2,0,0,Night,Severe,accident_reports,B20260305T000843Z,2026-03-05T00:08:43+00:00,1c8206f85e83f140
A000327,2026-02-28 13:56:22+00:00,R0019,5,0,0,Day,Moderate,accident_reports,B20260305T000843Z,2026-03-05T00:08:43+00:00,f7fd69df38fd29f2
A000328,2026-02-05 16:35:04+00:00,R0014,6,1,0,Day,Severe,accident_reports,B20260305T000843Z,2026-03-05T00:08:43+00:00,0ae6b54cba32376a
A000329,2026-03-03 11:47:14+00:00,R0002,3,1,0,Day,Moderate,accident_reports,B20260305T000843Z,2026-03-05T00:08:43+00:00,cb8d98ad65fe363b
A000330,2026-02-07 08:45:14+00:00,R0007,5,4,0,Day,Fatal,accident_reports,B20260305T000843Z,2026-03-05T00:08:43+00:00,f1bf41f906551401
A000331,2026-02-14 21:44:23+00:00,R0016,5,0,0,Night,Moderate,accident_reports,B20260305T000843Z,2026-03-05T00:08:43+00:00,3090551d192dd8a9
A000332,2026-02-13 00:18:02+00:00,R0023,1,0,0,Night,Moderate,accident_reports,B20260305T000843Z,2026-03-05T00:08:43+00:00,a612261964e10842
A000333,2026-02-15 15:22:23+00:00,R0002,2,1,1,Day,Fatal,accident_reports,B20260305T000843Z,2026-03-05T00:08:43+00:00,e225ad8f90615da0
A000334,2026-03-01 17:05:21+00:00,R0002,5,0,0,Day,Severe,accident_reports,B20260305T000843Z,2026-03-05T00:08:43+00:00,8e3cb7837d353992
A000335,2026-02-16 14:11:41+00:00,R0021,2,2,0,Day,Severe,accident_reports,B20260305T000843Z,2026-03-05T00:08:43+00:00,3f8076ced79646a1
A000336,2026-02-05 02:18:02+00:00,R0015,3,1,0,Night,Severe,accident_reports,B20260305T000843Z,2026-03-05T00:08:43+00:00,0bf9f4653f6f077c
A000337,2026-02-16 17:51:19+00:00,R0016,5,0,0,Day,Moderate,accident_reports,B20260305T000843Z,2026-03-05T00:08:43+00:00,2eb70ef22e2b9a41
A000338,2026-03-02 13:02:03+00:00,R0023,5,1,0,Day,Severe,accident_reports,B20260305T000843Z,2026-03-05T00:08:43+00:00,24c3f74b5f90066e
A000339,2026-02-27 12:51:53+00:00,R0023,6,0,0,Day,Moderate,accident_reports,B20260305T000843Z,2026-03-05T00:08:43+00:00,7803d3a370120f99
A000340,2026-02-13 23:38:09+00:00,R0014,2,1,0,Night,Severe,accident_reports,B20260305T000843Z,2026-03-05T00:08:43+00:00,b571ae4d5e37f693
A000341,2026-02-04 04:11:24+00:00,R0021,4,0,0,Night,Moderate,accident_reports,B20260305T000843Z,2026-03-05T00:08:43+00:00,694cdca39b75ebee
A000342,2026-02-05 22:45:04+00:00,R0014,2,0,1,Night,Fatal,accident_reports,B20260305T000843Z,2026-03-05T00:08:43+00:00,0bbc4c3b7673d3b8
A000343,2026-02-17 11:58:36+00:00,R0007,6,2,0,Day,Fatal,accident_reports,B20260305T000843Z,2026-03-05T00:08:43+00:00,79b78d6b63ca6c2e
A000344,2026-02-26 09:55:54+00:00,R0004,5,0,0,Day,Moderate,accident_reports,B20260305T000843Z,2026-03-05T00:08:43+00:00,0508f3c6978e50e1
A000345,2026-02-23 15:09:53+00:00,R0018,4,0,0,Day,Minor,accident_reports,B20260305T000843Z,2026-03-05T00:08:43+00:00,5e11dc9d9cf3bc99
A000346,2026-02-24 11:06:58+00:00,R0020,3,2,0,Day,Severe,accident_reports,B20260305T000843Z,2026-03-05T00:08:43+00:00,2db1a7cc035b4aa4
A000347,2026-02-07 12:46:58+00:00,R0007,2,0,0,Day,Severe,accident_reports,B20260305T000843Z,2026-03-05T00:08:43+00:00,0cec29c688029341
A000348,2026-02-21 02:14:52+00:00,R0002,1,0,0,Night,Moderate,accident_reports,B20260305T000843Z,2026-03-05T00:08:43+00:00,5e043a7b0b21f235
A000349,2026-02-18 20:44:22+00:00,R0017,4,1,0,Night,Severe,accident_reports,B20260305T000843Z,2026-03-05T00:08:43+00:00,1f2568a6dfb0a03d
A000350,2026-02-07 18:29:49+00:00,R0002,2,1,0,Night,Severe,accident_reports,B20260305T000843Z,2026-03-05T00:08:43+00:00,95f003643fd7b5ed
A000351,2026-02-07 11:03:57+00:00,R0005,3,1,0,Day,Severe,accident_reports,B20260305T000843Z,2026-03-05T00:08:43+00:00,c8cf6712aa3a6089
A000352,2026-02-14 10:48:54+00:00,R0009,6,0,0,Day,Moderate,accident_reports,B20260305T000843Z,2026-03-05T00:08:43+00:00,9cd3bbe6102edc6a
A000353,2026-02-14 19:28:27+00:00,R0012,7,1,0,Night,Fatal,accident_reports,B20260305T000843Z,2026-03-05T00:08:43+00:00,cc881de623f735c4
A000354,2026-02-05 10:15:09+00:00,R0012,5,1,0,Day,Severe,accident_reports,B20260305T000843Z,2026-03-05T00:08:43+00:00,44c24f4329c2d1b2
A000355,2026-02-25 04:04:56+00:00,R0004,3,0,0,Night,Severe,accident_reports,B20260305T000843Z,2026-03-05T00:08:43+00:00,d5dd88f4513f9114
A000356,2026-02-21 00:08:13+00:00,R0003,4,1,0,Night,Severe,accident_reports,B20260305T000843Z,2026-03-05T00:08:43+00:00,5aa6b579a754f501
A000357,2026-02-09 17:14:36+00:00,R0010,4,1,0,Day,Severe,accident_reports,B20260305T000843Z,2026-03-05T00:08:43+00:00,566827794895a39f
A000358,2026-02-24 12:37:04+00:00,R0020,1,0,0,Day,Moderate,accident_reports,B20260305T000843Z,2026-03-05T00:08:43+00:00,04aa49dc2b70cefb
A000359,2026-02-19 10:07:33+00:00,R0000,8,0,0,Day,Moderate,accident_reports,B20260305T000843Z,2026-03-05T00:08:43+00:00,3d447e67d83dbc8b
A000360,2026-03-03 05:29:45+00:00,R0013,4,1,0,Night,Severe,accident_reports,B20260305T000843Z,2026-03-05T00:08:43+00:00,6ceec76e45fb90d1
A000361,2026-02-12 03:09:14+00:00,R0018,2,0,0,Night,Moderate,accident_reports,B20260305T000843Z,2026-03-05T00:08:43+00:00,e56f493e11cdb62d
A000362,2026-02-10 02:11:57+00:00,R0023,3,3,0,Night,Fatal,accident_reports,B20260305T000843Z,2026-03-05T00:08:43+00:00,1587e1ed02877d61
A000363,2026-02-25 04:54:30+00:00,R0003,3,0,0,Night,Moderate,accident_reports,B20260305T000843Z,2026-03-05T00:08:43+00:00,6fb376ed7088e7ce
A000364,2026-02-26 16:14:37+00:00,R0007,2,1,1,Day,Fatal,accident_reports,B20260305T000843Z,2026-03-05T00:08:43+00:00,d8caee184dc48e76
A000365,2026-02-08 09:18:46+00:00,R0000,5,1,0,Day,Severe,accident_reports,B20260305T000843Z,2026-03-05T00:08:43+00:00,496cd96c82c99260
A000366,2026-02-08 06:45:54+00:00,R0001,2,0,0,Day,Moderate,accident_reports,B20260305T000843Z,2026-03-05T00:08:43+00:00,edf8bdfd076f8322
A000367,2026-02-17 12:07:12+00:00,R0020,2,1,0,Day,Moderate,accident_reports,B20260305T000843Z,2026-03-05T00:08:43+00:00,7a98bc381ad8e65b
A000368,2026-02-17 20:21:52+00:00,R0005,3,1,0,Night,Severe,accident_reports,B20260305T000843Z,2026-03-05T00:08:43+00:00,a7cb367156f58032
A000369,2026-03-03 11:53:11+00:00,R0007,4,3,1,Day,Fatal,accident_reports,B20260305T000843Z,2026-03-05T00:08:43+00:00,051ec9b274c4d50f
A000370,2026-02-06 17:53:34+00:00,R0010,3,0,0,Day,Moderate,accident_reports,B20260305T000843Z,2026-03-05T00:08:43+00:00,58d3072aabfee39f
A000371,2026-02-14 00:33:18+00:00,R0023,4,0,0,Night,Severe,accident_reports,B20260305T000843Z,2026-03-05T00:08:43+00:00,b9a9f518da1487b0
A000372,2026-02-21 23:19:56+00:00,R0004,3,0,0,Night,Moderate,accident_reports,B20260305T000843Z,2026-03-05T00:08:43+00:00,159ff85efc16fa30
A000373,2026-02-25 09:07:36+00:00,R0005,2,1,0,Day,Moderate,accident_reports,B20260305T000843Z,2026-03-05T00:08:43+00:00,e743b2beb6fad9a6
A000374,2026-03-01 08:09:38+00:00,R0001,1,3,0,Day,Fatal,accident_reports,B20260305T000843Z,2026-03-05T00:08:43+00:00,72f6068e4ca642d8
A000375,2026-02-08 03:10:34+00:00,R0001,4,0,0,Night,Moderate,accident_reports,B20260305T000843Z,2026-03-05T00:08:43+00:00,47efba021b2d2313
A000376,2026-02-26 05:53:45+00:00,R0006,3,0,0,Night,Moderate,accident_reports,B20260305T000843Z,2026-03-05T00:08:43+00:00,10f44279505f995c
A000377,2026-02-21 12:17:21+00:00,R0007,3,0,0,Day,Severe,accident_reports,B20260305T000843Z,2026-03-05T00:08:43+00:00,ec2c57498f40c5e2
A000378,2026-02-18 13:39:55+00:00,R0020,5,0,0,Day,Moderate,accident_reports,B20260305T000843Z,2026-03-05T00:08:43+00:00,c63dfd9b603529da
A000379,2026-02-12 16:19:55+00:00,R0005,5,0,0,Day,Moderate,accident_reports,B20260305T000843Z,2026-03-05T00:08:43+00:00,1cfab91825c1c138
A000380,2026-02-21 01:20:59+00:00,R0022,2,0,0,Night,Moderate,accident_reports,B20260305T000843Z,2026-03-05T00:08:43+00:00,68e175ec0aaaefa8
A000381,2026-02-11 10:10:50+00:00,R0015,7,1,0,Day,Severe,accident_reports,B20260305T000843Z,2026-03-05T00:08:43+00:00,060eab0c2731affd
A000382,2026-02-08 13:57:17+00:00,R0004,2,0,0,Day,Moderate,accident_reports,B20260305T000843Z,2026-03-05T00:08:43+00:00,35ef659a0aabc040
A000383,2026-02-20 08:59:37+00:00,R0020,2,0,0,Day,Moderate,accident_reports,B20260305T000843Z,2026-03-05T00:08:43+00:00,2606de3e2dd38cdc
A000384,2026-02-11 16:53:17+00:00,R0011,5,0,0,Day,Moderate,accident_reports,B20260305T000843Z,2026-03-05T00:08:43+00:00,d3d26ad8f6b97f6e
A000385,2026-02-08 11:02:39+00:00,R0005,3,0,0,Day,Moderate,accident_reports,B20260305T000843Z,2026-03-05T00:08:43+00:00,b80a6674dd17d787
A000386,2026-02-26 10:20:52+00:00,R0014,3,1,0,Day,Severe,accident_reports,B20260305T000843Z,2026-03-05T00:08:43+00:00,692a276c2eeb8243
A000387,2026-02-23 14:28:15+00:00,R0002,2,0,0,Day,Moderate,accident_reports,B20260305T000843Z,2026-03-05T00:08:43+00:00,388c70229e601b9f
A000388,2026-02-21 07:42:53+00:00,R0022,6,1,0,Day,Severe,accident_reports,B20260305T000843Z,2026-03-05T00:08:43+00:00,c8882d776d8b6037
A000389,2026-02-09 02:07:15+00:00,R0020,6,0,0,Night,Severe,accident_reports,B20260305T000843Z,2026-03-05T00:08:43+00:00,4b450f913c43caab
A000390,2026-03-02 07:30:47+00:00,R0019,2,0,0,Day,Minor,accident_reports,B20260305T000843Z,2026-03-05T00:08:43+00:00,f03d8633fe841269
A000391,2026-02-12 21:41:53+00:00,R0022,4,0,0,Night,Severe,accident_reports,B20260305T000843Z,2026-03-05T00:08:43+00:00,32f3df9c473ef375
A000392,2026-02-03 23:27:03+00:00,R0002,3,1,0,Night,Severe,accident_reports,B20260305T000843Z,2026-03-05T00:08:43+00:00,27cee38fc553fc05
A000393,2026-02-17 15:25:35+00:00,R0021,2,2,0,Day,Severe,accident_reports,B20260305T000843Z,2026-03-05T00:08:43+00:00,4ec3b5a719f03b7b
A000394,2026-02-05 06:26:57+00:00,R0007,6,1,0,Day,Fatal,accident_reports,B20260305T000843Z,2026-03-05T00:08:43+00:00,c983261e2acca662
A000395,2026-02-23 13:22:22+00:00,R0020,3,1,0,Day,Moderate,accident_reports,B20260305T000843Z,2026-03-05T00:08:43+00:00,11459eced9cad2a4
A000396,2026-02-10 12:46:57+00:00,R0010,1,1,0,Day,Moderate,accident_reports,B20260305T000843Z,2026-03-05T00:08:43+00:00,0b36bf9f075f2272
A000397,2026-02-28 07:14:48+00:00,R0017,1,0,0,Day,Moderate,accident_reports,B20260305T000843Z,2026-03-05T00:08:43+00:00,988feeace179ef17
A000398,2026-02-18 02:48:10+00:00,R0001,5,2,0,Night,Fatal,accident_reports,B20260305T000843Z,2026-03-05T00:08:43+00:00,3db7bfad7f06d23f
A000399,2026-02-21 05:20:14+00:00,R0014,3,0,0,Night,Severe,accident_reports,B20260305T000843Z,2026-03-05T00:08:43+00:00,ed6d9fef63b85c46
A000400,2026-02-18 10:02:51+00:00,R0014,6,1,0,Day,Severe,accident_reports,B20260305T000843Z,2026-03-05T00:08:43+00:00,4b961311a54d8908
A000401,2026-02-11 19:46:45+00:00,R0021,3,3,0,Night,Severe,accident_reports,B20260305T000843Z,2026-03-05T00:08:43+00:00,2c0c1150e3d0f201
A000402,2026-02-10 04:23:48+00:00,R0016,1,0,0,Night,Moderate,accident_reports,B20260305T000843Z,2026-03-05T00:08:43+00:00,31ae4856451bcad1
A000403,2026-02-16 04:10:09+00:00,R0008,2,2,0,Night,Severe,accident_reports,B20260305T000843Z,2026-03-05T00:08:43+00:00,a1ab1f57b16875fb
A000404,2026-02-16 17:46:00+00:00,R0022,3,0,0,Day,Moderate,accident_reports,B20260305T000843Z,2026-03-05T00:08:43+00:00,84265ae75b15dc6e
A000405,2026-03-04 07:27:39+00:00,R0007,4,0,0,Day,Severe,accident_reports,B20260305T000843Z,2026-03-05T00:08:43+00:00,30de49c8e8978709
A000406,2026-02-08 15:13:42+00:00,R0012,3,0,1,Day,Fatal,accident_reports,B20260305T000843Z,2026-03-05T00:08:43+00:00,fc98fee836a72ba4
A000407,2026-02-19 10:57:15+00:00,R0008,3,0,0,Day,Moderate,accident_reports,B20260305T000843Z,2026-03-05T00:08:43+00:00,499f68714fb6877e
A000408,2026-02-14 07:20:35+00:00,R0022,3,1,0,Day,Moderate,accident_reports,B20260305T000843Z,2026-03-05T00:08:43+00:00,8ad53e4a59d4b683
A000409,2026-02-25 05:03:48+00:00,R0008,2,1,0,Night,Severe,accident_reports,B20260305T000843Z,2026-03-05T00:08:43+00:00,6c640176a0c2df5d
A000410,2026-03-01 07:05:41+00:00,R0012,4,0,0,Day,Severe,accident_reports,B20260305T000843Z,2026-03-05T00:08:43+00:00,aa94b5c1d903301e
A000411,2026-02-21 10:58:53+00:00,R0006,2,2,0,Day,Severe,accident_reports,B20260305T000843Z,2026-03-05T00:08:43+00:00,41f1b503c33d846f
A000412,2026-02-23 09:09:47+00:00,R0019,2,0,0,Day,Moderate,accident_reports,B20260305T000843Z,2026-03-05T00:08:43+00:00,76b4b762d682ad1f
A000413,2026-02-14 06:32:03+00:00,R0010,3,0,0,Day,Moderate,accident_reports,B20260305T000843Z,2026-03-05T00:08:43+00:00,b158023b9e1ab7a1
A000414,2026-02-03 04:31:58+00:00,R0005,3,1,1,Night,Fatal,accident_reports,B20260305T000843Z,2026-03-05T00:08:43+00:00,cdee8091ce65ace6
A000415,2026-02-22 02:15:15+00:00,R0003,3,0,0,Night,Moderate,accident_reports,B20260305T000843Z,2026-03-05T00:08:43+00:00,f32966490d0814b0
A000416,2026-02-21 10:59:22+00:00,R0015,2,1,0,Day,Severe,accident_reports,B20260305T000843Z,2026-03-05T00:08:43+00:00,6814d2d3a68ca130
A000417,2026-02-22 14:31:49+00:00,R0012,5,0,0,Day,Moderate,accident_reports,B20260305T000843Z,2026-03-05T00:08:43+00:00,963e427273192d08
A000418,2026-02-15 05:19:46+00:00,R0021,4,3,0,Night,Fatal,accident_reports,B20260305T000843Z,2026-03-05T00:08:43+00:00,107d3a8b0e569f55
A000419,2026-02-23 00:40:35+00:00,R0002,2,1,1,Night,Fatal,accident_reports,B20260305T000843Z,2026-03-05T00:08:43+00:00,0b747e3617ce0d3b
A000420,2026-02-15 16:45:37+00:00,R0019,5,0,0,Day,Severe,accident_reports,B20260305T000843Z,2026-03-05T00:08:43+00:00,ba391b99bbf3702a
A000421,2026-02-27 16:50:21+00:00,R0000,4,0,0,Day,Moderate,accident_reports,B20260305T000843Z,2026-03-05T00:08:43+00:00,869649cd2ab58a5c
A000422,2026-02-25 08:33:41+00:00,R0004,1,0,0,Day,Moderate,accident_reports,B20260305T000843Z,2026-03-05T00:08:43+00:00,9c8836addb68e176
A000423,2026-02-17 11:40:01+00:00,R0012,4,0,0,Day,Moderate,accident_reports,B20260305T000843Z,2026-03-05T00:08:43+00:00,c8f5b7f242235792
A000424,2026-02-24 07:07:55+00:00,R0018,4,2,0,Day,Moderate,accident_reports,B20260305T000843Z,2026-03-05T00:08:43+00:00,2eee518029444b2c
A000425,2026-02-10 23:44:14+00:00,R0002,1,0,0,Night,Moderate,accident_reports,B20260305T000843Z,2026-03-05T00:08:43+00:00,8adcbfb3abb1ede5
A000426,2026-02-04 23:24:09+00:00,R0013,6,1,0,Night,Severe,accident_reports,B20260305T000843Z,2026-03-05T00:08:43+00:00,097b87ab6651afda
A000427,2026-02-10 08:56:26+00:00,R0015,3,0,0,Day,Moderate,accident_reports,B20260305T000843Z,2026-03-05T00:08:43+00:00,d91dc583025066bf
A000428,2026-02-18 02:33:03+00:00,R0010,8,1,0,Night,Fatal,accident_reports,B20260305T000843Z,2026-03-05T00:08:43+00:00,d2862ad03e2a7a71
A000429,2026-03-03 02:35:26+00:00,R0003,4,1,0,Night,Severe,accident_reports,B20260305T000843Z,2026-03-05T00:08:43+00:00,6fc516c1f3d01625
A000430,2026-02-21 19:27:29+00:00,R0010,2,1,0,Night,Severe,accident_reports,B20260305T000843Z,2026-03-05T00:08:43+00:00,0202ddbfddfef955
A000431,2026-02-06 11:04:02+00:00,R0015,2,2,1,Day,Fatal,accident_reports,B20260305T000843Z,2026-03-05T00:08:43+00:00,9c3e67536d27d6fe
A000432,2026-02-07 10:22:33+00:00,R0015,3,0,0,Day,Severe,accident_reports,B20260305T000843Z,2026-03-05T00:08:43+00:00,0f7cdf8a7cd68cfb
A000433,2026-02-19 06:45:40+00:00,R0011,3,0,0,Day,Severe,accident_reports,B20260305T000843Z,2026-03-05T00:08:43+00:00,14885af17f060a8f
A000434,2026-02-23 22:17:53+00:00,R0000,2,1,0,Night,Severe,accident_reports,B20260305T000843Z,2026-03-05T00:08:43+00:00,afba66bcf486a94d
A000435,2026-03-01 19:24:17+00:00,R0007,4,2,0,Night,Fatal,accident_reports,B20260305T000843Z,2026-03-05T00:08:43+00:00,101d121115cdac8f
A000436,2026-02-27 20:52:08+00:00,R0011,5,0,0,Night,Severe,accident_reports,B20260305T000843Z,2026-03-05T00:08:43+00:00,26bee173d8ffdc6c
A000437,2026-02-03 23:36:43+00:00,R0021,3,1,0,Night,Severe,accident_reports,B20260305T000843Z,2026-03-05T00:08:43+00:00,4dd453b23950f0eb
A000438,2026-02-28 06:54:14+00:00,R0017,3,1,0,Day,Moderate,accident_reports,B20260305T000843Z,2026-03-05T00:08:43+00:00,5c9ef0cb53a60dfd
A000439,2026-02-08 03:36:40+00:00,R0017,3,0,0,Night,Moderate,accident_reports,B20260305T000843Z,2026-03-05T00:08:43+00:00,9fb83682a3324ff6
A000440,2026-03-01 09:19:51+00:00,R0013,1,1,0,Day,Moderate,accident_reports,B20260305T000843Z,2026-03-05T00:08:43+00:00,455353eda6f0309d
A000441,2026-02-24 08:14:48+00:00,R0020,5,1,0,Day,Severe,accident_reports,B20260305T000843Z,2026-03-05T00:08:43+00:00,59aa17e920f50d16
A000442,2026-02-06 15:11:34+00:00,R0002,4,0,0,Day,Moderate,accident_reports,B20260305T000843Z,2026-03-05T00:08:43+00:00,06df557a052e8db1
A000443,2026-03-01 09:57:36+00:00,R0021,2,0,0,Day,Moderate,accident_reports,B20260305T000843Z,2026-03-05T00:08:43+00:00,f0cb60dcc8b957e5
A000444,2026-02-09 10:11:32+00:00,R0008,3,1,0,Day,Moderate,accident_reports,B20260305T000843Z,2026-03-05T00:08:43+00:00,2c06da8f31686177
A000445,2026-02-14 02:43:36+00:00,R0007,4,1,0,Night,Severe,accident_reports,B20260305T000843Z,2026-03-05T00:08:43+00:00,41d0e49529803a57
A000446,2026-02-03 13:38:07+00:00,R0018,3,0,0,Day,Moderate,accident_reports,B20260305T000843Z,2026-03-05T00:08:43+00:00,fb263fae81745ba9
A000447,2026-02-11 11:32:07+00:00,R0014,5,0,0,Day,Moderate,accident_reports,B20260305T000843Z,2026-03-05T00:08:43+00:00,213491eed83a3372
A000448,2026-02-08 10:04:40+00:00,R0007,2,0,0,Day,Severe,accident_reports,B20260305T000843Z,2026-03-05T00:08:43+00:00,304710a0a571612b
A000449,2026-02-17 20:02:33+00:00,R0002,5,0,0,Night,Severe,accident_reports,B20260305T000843Z,2026-03-05T00:08:43+00:00,1c5ae80f5ae862ab
A000450,2026-02-07 16:05:43+00:00,R0019,2,0,0,Day,Moderate,accident_reports,B20260305T000843Z,2026-03-05T00:08:43+00:00,94581afbc58823c2
A000451,2026-02-22 06:48:27+00:00,R0013,3,0,0,Day,Moderate,accident_reports,B20260305T000843Z,2026-03-05T00:08:43+00:00,be969938e063e3e0
A000452,2026-02-28 22:27:37+00:00,R0022,3,1,0,Night,Severe,accident_reports,B20260305T000843Z,2026-03-05T00:08:43+00:00,bd806001a185cb92
A000453,2026-02-09 07:36:11+00:00,R0018,4,0,0,Day,Moderate,accident_reports,B20260305T000843Z,2026-03-05T00:08:43+00:00,db62ea2726b9186e
A000454,2026-02-22 11:35:50+00:00,R0016,6,0,1,Day,Fatal,accident_reports,B20260305T000843Z,2026-03-05T00:08:43+00:00,0fd2c2f420be379f
A000455,2026-02-14 20:33:21+00:00,R0005,6,0,0,Night,Severe,accident_reports,B20260305T000843Z,2026-03-05T00:08:43+00:00,6750cc279fc0d47e
A000456,2026-02-25 12:44:28+00:00,R0005,4,1,1,Day,Fatal,accident_reports,B20260305T000843Z,2026-03-05T00:08:43+00:00,ccfe7ca95b79ece1
A000457,2026-02-10 13:43:55+00:00,R0001,2,0,0,Day,Moderate,accident_reports,B20260305T000843Z,2026-03-05T00:08:43+00:00,3cb30f28f3f3be3d
A000458,2026-03-01 03:56:45+00:00,R0015,4,2,0,Night,Fatal,accident_reports,B20260305T000843Z,2026-03-05T00:08:43+00:00,75817734e6803dae
A000459,2026-03-04 00:52:13+00:00,R0010,5,0,0,Night,Severe,accident_reports,B20260305T000843Z,2026-03-05T00:08:43+00:00,c6a8d3e98907c75c
A000460,2026-02-18 09:01:27+00:00,R0005,4,0,0,Day,Moderate,accident_reports,B20260305T000843Z,2026-03-05T00:08:43+00:00,e5ce83b77adac5f9
A000461,2026-02-14 20:41:02+00:00,R0002,5,0,0,Night,Severe,accident_reports,B20260305T000843Z,2026-03-05T00:08:43+00:00,af8b34f2a59288d8
A000462,2026-02-13 13:12:49+00:00,R0011,4,0,0,Day,Severe,accident_reports,B20260305T000843Z,2026-03-05T00:08:43+00:00,b2b28c38b34e8690
A000463,2026-02-22 16:39:28+00:00,R0016,2,1,0,Day,Moderate,accident_reports,B20260305T000843Z,2026-03-05T00:08:43+00:00,59e952636f2b5611
A000464,2026-02-27 00:27:25+00:00,R0014,2,2,0,Night,Fatal,accident_reports,B20260305T000843Z,2026-03-05T00:08:43+00:00,55cfc06d8bce3cb5
A000465,2026-02-06 21:10:29+00:00,R0015,2,1,0,Night,Severe,accident_reports,B20260305T000843Z,2026-03-05T00:08:43+00:00,c92593b848a3e2ce
A000466,2026-02-16 20:59:18+00:00,R0019,4,4,0,Night,Fatal,accident_reports,B20260305T000843Z,2026-03-05T00:08:43+00:00,c404384778600aec
A000467,2026-02-03 22:02:04+00:00,R0022,3,1,0,Night,Severe,accident_reports,B20260305T000843Z,2026-03-05T00:08:43+00:00,25b8ea0e20fd0269
A000468,2026-02-06 04:55:58+00:00,R0007,5,1,0,Night,Fatal,accident_reports,B20260305T000843Z,2026-03-05T00:08:43+00:00,778510af2443b2e7
A000469,2026-02-12 10:53:50+00:00,R0015,5,2,0,Day,Fatal,accident_reports,B20260305T000843Z,2026-03-05T00:08:43+00:00,ba45158d5d78885b
A000470,2026-02-21 07:51:15+00:00,R0002,3,1,0,Day,Severe,accident_reports,B20260305T000843Z,2026-03-05T00:08:43+00:00,f08110dbbcbd206f
A000471,2026-02-06 21:54:27+00:00,R0009,2,2,0,Night,Severe,accident_reports,B20260305T000843Z,2026-03-05T00:08:43+00:00,96c12a3f667cbea3
A000472,2026-02-27 07:00:31+00:00,R0000,7,1,0,Day,Severe,accident_reports,B20260305T000843Z,2026-03-05T00:08:43+00:00,300e0c556a90dfd8
A000473,2026-02-21 06:58:28+00:00,R0006,4,0,0,Day,Moderate,accident_reports,B20260305T000843Z,2026-03-05T00:08:43+00:00,18dae85155ff52c3
A000474,2026-02-19 21:54:41+00:00,R0021,5,1,0,Night,Severe,accident_reports,B20260305T000843Z,2026-03-05T00:08:43+00:00,7927c7ea12c87ac9
A000475,2026-02-10 09:10:57+00:00,R0011,7,0,0,Day,Severe,accident_reports,B20260305T000843Z,2026-03-05T00:08:43+00:00,30da6f3cd51a0768
A000476,2026-02-10 03:31:37+00:00,R0014,4,0,1,Night,Fatal,accident_reports,B20260305T000843Z,2026-03-05T00:08:43+00:00,30466f2e2aa2f0e4
A000477,2026-02-03 01:10:53+00:00,R0013,2,1,0,Night,Severe,accident_reports,B20260305T000843Z,2026-03-05T00:08:43+00:00,8be8cdce511af1fe
A000478,2026-02-16 11:29:13+00:00,R0002,2,1,0,Day,Moderate,accident_reports,B20260305T000843Z,2026-03-05T00:08:43+00:00,f5756c5093abe997
A000479,2026-02-21 07:22:07+00:00,R0018,1,0,0,Day,Minor,accident_reports,B20260305T000843Z,2026-03-05T00:08:43+00:00,23e35994045c0627
A000480,2026-02-18 09:47:40+00:00,R0000,5,0,0,Day,Moderate,accident_reports,B20260305T000843Z,2026-03-05T00:08:43+00:00,26f32da1b8b0966c
A000481,2026-02-16 17:28:10+00:00,R0017,2,1,1,Day,Fatal,accident_reports,B20260305T000843Z,2026-03-05T00:08:43+00:00,853b5a3dc606e4af
A000482,2026-02-11 22:57:49+00:00,R0018,1,1,0,Night,Moderate,accident_reports,B20260305T000843Z,2026-03-05T00:08:43+00:00,d3348adfc625db1f
A000483,2026-03-03 22:32:41+00:00,R0015,1,0,0,Night,Moderate,accident_reports,B20260305T000843Z,2026-03-05T00:08:43+00:00,565bfb55652373fe
A000484,2026-02-21 12:20:22+00:00,R0006,7,0,0,Day,Moderate,accident_reports,B20260305T000843Z,2026-03-05T00:08:43+00:00,44f82e93f004e272
A000485,2026-02-19 14:59:36+00:00,R0005,5,0,0,Day,Moderate,accident_reports,B20260305T000843Z,2026-03-05T00:08:43+00:00,6c479117a623b5b6
A000486,2026-02-11 18:21:30+00:00,R0000,3,0,0,Night,Moderate,accident_reports,B20260305T000843Z,2026-03-05T00:08:43+00:00,5666dcd8b4f1ee1e
A000487,2026-02-20 06:01:34+00:00,R0017,7,2,0,Day,Severe,accident_reports,B20260305T000843Z,2026-03-05T00:08:43+00:00,0af801774307daae
A000488,2026-02-09 16:42:48+00:00,R0013,5,0,0,Day,Moderate,accident_reports,B20260305T000843Z,2026-03-05T00:08:43+00:00,8f68435a5ed69201
A000489,2026-02-09 14:21:35+00:00,R0017,3,0,0,Day,Moderate,accident_reports,B20260305T000843Z,2026-03-05T00:08:43+00:00,531e8ba19e5bb312
A000490,2026-02-14 15:02:11+00:00,R0009,4,1,0,Day,Severe,accident_reports,B20260305T000843Z,2026-03-05T00:08:43+00:00,998514393cd7ddf1
A000491,2026-03-02 03:21:51+00:00,R0010,2,1,0,Night,Severe,accident_reports,B20260305T000843Z,2026-03-05T00:08:43+00:00,64835386c32c214a
A000492,2026-02-19 19:32:08+00:00,R0002,4,2,0,Night,Severe,accident_reports,B20260305T000843Z,2026-03-05T00:08:43+00:00,c609de81452ad509
A000493,2026-02-16 09:29:10+00:00,R0008,5,1,0,Day,Severe,accident_reports,B20260305T000843Z,2026-03-05T00:08:43+00:00,108e54efe51f4eb7
A000494,2026-02-13 16:12:46+00:00,R0015,1,0,0,Day,Moderate,accident_reports,B20260305T000843Z,2026-03-05T00:08:43+00:00,7223cd9730d70f0f
A000495,2026-02-14 08:09:19+00:00,R0009,5,1,0,Day,Severe,accident_reports,B20260305T000843Z,2026-03-05T00:08:43+00:00,86db08666457f958
A000496,2026-02-23 13:10:46+00:00,R0017,3,3,0,Day,Severe,accident_reports,B20260305T000843Z,2026-03-05T00:08:43+00:00,0b184aa820c700ab
A000497,2026-02-19 00:39:43+00:00,R0020,2,0,0,Night,Moderate,accident_reports,B20260305T000843Z,2026-03-05T00:08:43+00:00,9fee62a98724b6c6
A000498,2026-02-18 07:07:25+00:00,R0021,4,0,0,Day,Moderate,accident_reports,B20260305T000843Z,2026-03-05T00:08:43+00:00,2fbc622ef99496e9
A000499,2026-02-08 14:42:12+00:00,R0017,5,1,0,Day,Severe,accident_reports,B20260305T000843Z,2026-03-05T00:08:43+00:00,56d69e24bbb726eb
