incident_id,date_time,road_id,vehicles_involved,injuries,fatalities,lighting,severity,source_system,ingest_batch_id,extracted_at_utc,record_hash,date,region,city,road_type,speed_limit,lanes,weather,visibility_km,precip_mm,temp_c
A000000,2026-02-28 15:10:29+00:00,R0014,3,0,0,Day,Moderate,accident_reports,B20260305T000843Z,2026-03-05T00:08:43+00:00,c3efd059f908b01d,2026-02-28,Riyadh,Al Kharj,Highway,100,3,Dust,3.8,0.02,24.5
A000001,2026-02-08 05:47:46+00:00,R0018,3,0,1,Night,Fatal,accident_reports,B20260305T000843Z,2026-03-05T00:08:43+00:00,d78e6bc0e184deba,2026-02-08,Riyadh,Al Kharj,Rural,80,2,Dust,4.7,0.01,30.5
A000002,2026-02-10 10:26:56+00:00,R0007,2,1,0,Day,Severe,accident_reports,B20260305T000843Z,2026-03-05T00:08:43+00:00,4924f0394240592e,2026-02-10,Qassim,Buraidah,Rural,60,1,Clear,10.5,0.08,31.1
A000003,2026-02-15 07:07:33+00:00,R0003,6,1,0,Day,Severe,accident_reports,B20260305T000843Z,2026-03-05T00:08:43+00:00,6143fb3008ebf889,2026-02-15,Madinah,Madinah,Highway,60,5,Clear,10.5,0.0,29.5
A000004,2026-02-12 11:46:46+00:00,R0023,6,0,0,Day,Severe,accident_reports,B20260305T000843Z,2026-03-05T00:08:43+00:00,9dd5f0d5fd66920d,2026-02-12,Riyadh,Riyadh,Urban,60,4,Clear,10.1,0.01,37.3
A000005,2026-03-03 10:36:26+00:00,R0015,4,0,0,Day,Moderate,accident_reports,B20260305T000843Z,2026-03-05T00:08:43+00:00,0cb3c462b83ad9f7,2026-03-03,Madinah,Madinah,Highway,60,4,Clear,10.2,0.25,20.9
A000006,2026-02-27 19:35:44+00:00,R0020,4,4,0,Night,Fatal,accident_reports,B20260305T000843Z,2026-03-05T00:08:43+00:00,d1c9f80b8831d9e4,2026-02-27,Madinah,Madinah,Highway,140,2,Dust,5.2,0.01,25.8
A000007,2026-03-03 08:45:33+00:00,R0006,3,1,0,Day,Moderate,accident_reports,B20260305T000843Z,2026-03-05T00:08:43+00:00,7ca2491e962efdbf,2026-03-03,Qassim,Buraidah,Urban,60,3,Clear,10.2,0.03,20.4
A000008,2026-02-14 12:21:25+00:00,R0012,4,1,0,Day,Severe,accident_reports,B20260305T000843Z,2026-03-05T00:08:43+00:00,c1dab1de23feac5f,2026-02-14,Riyadh,Al Kharj,Rural,60,2,Clear,8.9,0.05,23.3
A000009,2026-03-04 14:25:25+00:00,R0011,4,2,0,Day,Severe,accident_reports,B20260305T000843Z,2026-03-05T00:08:43+00:00,d0d2f3e192d27fa1,2026-03-04,Eastern,Khobar,Highway,80,3,Clear,9.9,0.09,28.2
A000010,2026-02-23 15:44:43+00:00,R0022,5,0,0,Day,Moderate,accident_reports,B20260305T000843Z,2026-03-05T00:08:43+00:00,388d00bdc3942844,2026-02-23,Asir,Abha,Urban,60,5,Rain,7.8,2.4,25.9
A000011,2026-02-05 14:49:44+00:00,R0023,4,2,0,Day,Severe,accident_reports,B20260305T000843Z,2026-03-05T00:08:43+00:00,ac79a618a8c6a7c4,2026-02-05,Riyadh,Riyadh,Urban,60,4,Dust,5.8,0.02,29.9
A000012,2026-02-24 23:31:28+00:00,R0011,3,1,0,Night,Severe,accident_reports,B20260305T000843Z,2026-03-05T00:08:43+00:00,13235b56dd8469d9,2026-02-24,Eastern,Khobar,Highway,80,3,Clear,9.5,0.2,33.5
A000013,2026-02-09 09:37:43+00:00,R0014,1,1,0,Day,Moderate,accident_reports,B20260305T000843Z,2026-03-05T00:08:43+00:00,f698df6e7101dc9d,2026-02-09,Riyadh,Al Kharj,Highway,100,3,Clear,9.2,0.0,36.3
A000014,2026-03-02 10:46:18+00:00,R0001,2,1,0,Day,Severe,accident_reports,B20260305T000843Z,2026-03-05T00:08:43+00:00,5a26af7e3f11b183,2026-03-02,Riyadh,Riyadh,Urban,80,2,Clear,10.0,0.03,32.8
A000015,2026-02-09 03:09:40+00:00,R0013,2,1,0,Night,Severe,accident_reports,B20260305T000843Z,2026-03-05T00:08:43+00:00,9275e7bc9f7c5af0,2026-02-09,Asir,Abha,Urban,80,2,Clear,9.9,0.45,28.6
A000016,2026-03-03 04:27:35+00:00,R0000,2,2,0,Night,Severe,accident_reports,B20260305T000843Z,2026-03-05T00:08:43+00:00,b79e6475a3a854e0,2026-03-03,Eastern,Dammam,Urban,80,2,Dust,2.8,0.0,18.6
A000017,2026-02-26 22:51:50+00:00,R0009,4,1,0,Night,Severe,accident_reports,B20260305T000843Z,2026-03-05T00:08:43+00:00,0aa5ef53615bc91d,2026-02-26,Qassim,Buraidah,Rural,40,2,Dust,5.9,0.01,20.9
A000018,2026-02-25 17:27:48+00:00,R0018,1,0,0,Day,Minor,accident_reports,B20260305T000843Z,2026-03-05T00:08:43+00:00,6d8dd2c5cd159150,2026-02-25,Riyadh,Al Kharj,Rural,80,2,Clear,9.3,0.13,28.5
A000019,2026-02-10 08:02:00+00:00,R0000,6,0,0,Day,Moderate,accident_reports,B20260305T000843Z,2026-03-05T00:08:43+00:00,449b44207cbc972d,2026-02-10,Eastern,Dammam,Urban,80,2,Clear,9.3,0.01,34.9
A000020,2026-02-17 09:02:31+00:00,R0010,4,0,0,Day,Severe,accident_reports,B20260305T000843Z,2026-03-05T00:08:43+00:00,4e6a444b9a4e28bc,2026-02-17,Asir,Abha,Urban,60,5,Dust,5.7,0.0,27.6
A000021,2026-02-20 02:55:41+00:00,R0002,4,0,0,Night,Severe,accident_reports,B20260305T000843Z,2026-03-05T00:08:43+00:00,adb1d7e1840cbf54,2026-02-20,Qassim,Buraidah,Highway,60,5,Clear,10.1,0.04,22.9
A000022,2026-02-11 14:26:02+00:00,R0017,2,2,0,Day,Moderate,accident_reports,B20260305T000843Z,2026-03-05T00:08:43+00:00,a9741ab5bc82bbdd,2026-02-11,Riyadh,Riyadh,Urban,60,2,Clear,9.3,0.02,31.7
A000023,2026-02-20 14:46:40+00:00,R0007,8,0,0,Day,Fatal,accident_reports,B20260305T000843Z,2026-03-05T00:08:43+00:00,d5f0110984da32be,2026-02-20,Qassim,Buraidah,Rural,60,1,Dust,4.9,0.03,21.4
A000024,2026-02-27 06:51:51+00:00,R0019,3,1,0,Day,Moderate,accident_reports,B20260305T000843Z,2026-03-05T00:08:43+00:00,8ee1c9f34907fb5a,2026-02-27,Eastern,Khobar,Rural,60,1,Clear,9.9,0.02,34.2
A000025,2026-03-04 03:06:23+00:00,R0014,2,0,0,Night,Severe,accident_reports,B20260305T000843Z,2026-03-05T00:08:43+00:00,5f6542fb38387ada,2026-03-04,Riyadh,Al Kharj,Highway,100,3,Rain,6.1,2.68,31.3
A000026,2026-02-10 08:10:53+00:00,R0017,2,1,0,Day,Moderate,accident_reports,B20260305T000843Z,2026-03-05T00:08:43+00:00,3de12934cfa64e87,2026-02-10,Riyadh,Riyadh,Urban,60,2,Clear,9.5,0.0,29.5
A000027,2026-02-19 13:18:00+00:00,R0000,2,0,0,Day,Moderate,accident_reports,B20260305T000843Z,2026-03-05T00:08:43+00:00,15c919981d3f2c93,2026-02-19,Eastern,Dammam,Urban,80,2,Clear,10.4,0.06,22.6
A000028,2026-03-02 16:08:29+00:00,R0007,3,1,0,Day,Severe,accident_reports,B20260305T000843Z,2026-03-05T00:08:43+00:00,faf8349e10cfacb7,2026-03-02,Qassim,Buraidah,Rural,60,1,Clear,8.7,0.27,16.0
A000029,2026-02-24 11:11:47+00:00,R0002,4,0,0,Day,Severe,accident_reports,B20260305T000843Z,2026-03-05T00:08:43+00:00,a1077a65f714ff3f,2026-02-24,Qassim,Buraidah,Highway,60,5,Clear,12.0,0.01,34.2
A000030,2026-02-08 00:17:31+00:00,R0017,4,1,0,Night,Severe,accident_reports,B20260305T000843Z,2026-03-05T00:08:43+00:00,8fd8feb1f88c8e53,2026-02-08,Riyadh,Riyadh,Urban,60,2,Clear,9.8,0.13,29.6
A000031,2026-02-03 15:28:41+00:00,R0005,4,1,0,Day,Moderate,accident_reports,B20260305T000843Z,2026-03-05T00:08:43+00:00,7faab04d49ccdb27,2026-02-03,Qassim,Buraidah,Highway,80,2,Clear,11.1,0.0,12.2
A000032,2026-02-05 07:25:01+00:00,R0007,5,1,0,Day,Severe,accident_reports,B20260305T000843Z,2026-03-05T00:08:43+00:00,5627dfdf5dfd6b1d,2026-02-05,Qassim,Buraidah,Rural,60,1,Dust,3.6,0.43,26.7
A000033,2026-02-24 18:06:38+00:00,R0016,4,1,0,Night,Severe,accident_reports,B20260305T000843Z,2026-03-05T00:08:43+00:00,fc47047e7cc0d865,2026-02-24,Eastern,Khobar,Rural,60,2,Rain,6.8,0.14,22.9
A000034,2026-02-09 03:36:27+00:00,R0013,2,0,1,Night,Fatal,accident_reports,B20260305T000843Z,2026-03-05T00:08:43+00:00,08b20e5092505f14,2026-02-09,Asir,Abha,Urban,80,2,Clear,9.9,0.45,28.6
A000035,2026-02-24 11:21:15+00:00,R0016,4,0,0,Day,Moderate,accident_reports,B20260305T000843Z,2026-03-05T00:08:43+00:00,b711a92d99344df0,2026-02-24,Eastern,Khobar,Rural,60,2,Fog,2.2,0.59,18.6
A000036,2026-02-05 00:25:57+00:00,R0004,4,0,0,Night,Severe,accident_reports,B20260305T000843Z,2026-03-05T00:08:43+00:00,1c24888f6582af74,2026-02-05,Riyadh,Riyadh,Highway,140,2,Clear,12.0,0.01,35.9
A000037,2026-02-17 14:02:50+00:00,R0007,3,2,0,Day,Fatal,accident_reports,B20260305T000843Z,2026-03-05T00:08:43+00:00,b29173f773344408,2026-02-17,Qassim,Buraidah,Rural,60,1,Clear,11.0,0.01,17.7
A000038,2026-02-23 11:56:13+00:00,R0022,3,0,0,Day,Moderate,accident_reports,B20260305T000843Z,2026-03-05T00:08:43+00:00,4df616103ae42713,2026-02-23,Asir,Abha,Urban,60,5,Clear,10.0,0.27,23.0
A000039,2026-02-22 00:36:57+00:00,R0007,2,0,0,Night,Severe,accident_reports,B20260305T000843Z,2026-03-05T00:08:43+00:00,7baade0dcd8897a1,2026-02-22,Qassim,Buraidah,Rural,60,1,Clear,9.9,0.01,30.0
A000040,2026-02-24 22:29:29+00:00,R0005,3,0,0,Night,Severe,accident_reports,B20260305T000843Z,2026-03-05T00:08:43+00:00,c4bf7d106afe2542,2026-02-24,Qassim,Buraidah,Highway,80,2,Clear,9.0,0.14,26.4
A000041,2026-02-24 08:30:28+00:00,R0010,1,2,0,Day,Severe,accident_reports,B20260305T000843Z,2026-03-05T00:08:43+00:00,59c0424950a9f1a7,2026-02-24,Asir,Abha,Urban,60,5,Clear,9.8,0.02,19.4
A000042,2026-02-22 13:12:28+00:00,R0022,3,1,0,Day,Moderate,accident_reports,B20260305T000843Z,2026-03-05T00:08:43+00:00,9eb71f2207809bdb,2026-02-22,Asir,Abha,Urban,60,5,Rain,5.6,15.98,28.0
A000043,2026-03-02 05:49:23+00:00,R0019,2,0,0,Night,Minor,accident_reports,B20260305T000843Z,2026-03-05T00:08:43+00:00,2882b1b98461eb59,2026-03-02,Eastern,Khobar,Rural,60,1,Clear,9.9,0.01,32.0
A000044,2026-02-14 07:30:09+00:00,R0009,4,0,0,Day,Moderate,accident_reports,B20260305T000843Z,2026-03-05T00:08:43+00:00,71deef588ef0b94c,2026-02-14,Qassim,Buraidah,Rural,40,2,Dust,4.3,0.0,22.7
A000045,2026-02-18 07:03:39+00:00,R0002,2,2,0,Day,Severe,accident_reports,B20260305T000843Z,2026-03-05T00:08:43+00:00,14f21ec789337881,2026-02-18,Qassim,Buraidah,Highway,60,5,Dust,4.6,0.0,37.5
A000046,2026-02-14 08:11:59+00:00,R0005,5,0,0,Day,Severe,accident_reports,B20260305T000843Z,2026-03-05T00:08:43+00:00,0943f436664ab9d9,2026-02-14,Qassim,Buraidah,Highway,80,2,Clear,9.8,0.05,19.6
A000047,2026-02-14 23:09:26+00:00,R0015,2,0,0,Night,Moderate,accident_reports,B20260305T000843Z,2026-03-05T00:08:43+00:00,51427571f48a782f,2026-02-14,Madinah,Madinah,Highway,60,4,Clear,9.2,0.05,25.8
A000048,2026-03-04 08:22:12+00:00,R0009,2,2,0,Day,Severe,accident_reports,B20260305T000843Z,2026-03-05T00:08:43+00:00,b336a625b4e2bca0,2026-03-04,Qassim,Buraidah,Rural,40,2,Clear,9.7,0.16,21.1
A000049,2026-03-02 06:11:31+00:00,R0015,2,0,0,Day,Moderate,accident_reports,B20260305T000843Z,2026-03-05T00:08:43+00:00,e8d045785cfc63f1,2026-03-02,Madinah,Madinah,Highway,60,4,Rain,6.1,1.19,26.8
A000050,2026-02-22 11:52:07+00:00,R0013,2,0,0,Day,Moderate,accident_reports,B20260305T000843Z,2026-03-05T00:08:43+00:00,aa1a04b577ca712e,2026-02-22,Asir,Abha,Urban,80,2,Clear,10.3,0.01,26.3
A000051,2026-02-13 07:36:34+00:00,R0014,6,0,0,Day,Severe,accident_reports,B20260305T000843Z,2026-03-05T00:08:43+00:00,971e10c6a94866d6,2026-02-13,Riyadh,Al Kharj,Highway,100,3,Clear,10.5,0.0,31.9
A000052,2026-02-15 23:36:32+00:00,R0003,4,0,0,Night,Severe,accident_reports,B20260305T000843Z,2026-03-05T00:08:43+00:00,6bd6f48d2b9077ef,2026-02-15,Madinah,Madinah,Highway,60,5,Clear,10.1,0.0,20.9
A000053,2026-02-07 10:43:42+00:00,R0013,4,0,0,Day,Severe,accident_reports,B20260305T000843Z,2026-03-05T00:08:43+00:00,a0f3d9de61648e6a,2026-02-07,Asir,Abha,Urban,80,2,Rain,8.5,2.94,22.7
A000054,2026-02-22 14:45:52+00:00,R0002,2,2,0,Day,Severe,accident_reports,B20260305T000843Z,2026-03-05T00:08:43+00:00,515729e8795093e8,2026-02-22,Qassim,Buraidah,Highway,60,5,Clear,9.8,0.15,31.9
A000055,2026-02-12 16:32:11+00:00,R0007,6,2,1,Day,Fatal,accident_reports,B20260305T000843Z,2026-03-05T00:08:43+00:00,b8949d95a2e8dbba,2026-02-12,Qassim,Buraidah,Rural,60,1,Clear,12.0,0.0,24.4
A000056,2026-02-18 11:49:41+00:00,R0015,4,3,0,Day,Severe,accident_reports,B20260305T000843Z,2026-03-05T00:08:43+00:00,9386bf280a0f414b,2026-02-18,Madinah,Madinah,Highway,60,4,Clear,9.2,0.0,25.3
A000057,2026-02-17 08:13:15+00:00,R0014,4,3,0,Day,Fatal,accident_reports,B20260305T000843Z,2026-03-05T00:08:43+00:00,40c22196ca32a68b,2026-02-17,Riyadh,Al Kharj,Highway,100,3,Clear,11.2,0.0,30.5
A000058,2026-02-25 23:44:52+00:00,R0023,1,1,0,Night,Severe,accident_reports,B20260305T000843Z,2026-03-05T00:08:43+00:00,3bc875ea0af4d49d,2026-02-25,Riyadh,Riyadh,Urban,60,4,Clear,10.5,0.03,21.1
A000059,2026-02-27 13:08:35+00:00,R0008,2,0,0,Day,Moderate,accident_reports,B20260305T000843Z,2026-03-05T00:08:43+00:00,03798579838ebb8e,2026-02-27,Riyadh,Riyadh,Urban,40,2,Clear,9.7,0.15,34.5
A000060,2026-02-20 10:32:28+00:00,R0017,4,0,0,Day,Moderate,accident_reports,B20260305T000843Z,2026-03-05T00:08:43+00:00,574855ad2cbec931,2026-02-20,Riyadh,Riyadh,Urban,60,2,Dust,4.7,0.25,29.0
A000061,2026-02-25 04:44:53+00:00,R0021,4,2,0,Night,Severe,accident_reports,B20260305T000843Z,2026-03-05T00:08:43+00:00,ea1e3a2dd7ca25a9,2026-02-25,Madinah,Madinah,Highway,100,3,Clear,11.7,0.03,19.7
A000062,2026-02-15 19:21:38+00:00,R0014,2,0,0,Night,Severe,accident_reports,B20260305T000843Z,2026-03-05T00:08:43+00:00,e17316c1423643bf,2026-02-15,Riyadh,Al Kharj,Highway,100,3,Clear,10.1,0.02,28.2
A000063,2026-02-05 20:05:40+00:00,R0012,3,2,0,Night,Severe,accident_reports,B20260305T000843Z,2026-03-05T00:08:43+00:00,e741ad2f6ad63bdc,2026-02-05,Riyadh,Al Kharj,Rural,60,2,Dust,5.0,0.01,32.7
A000064,2026-03-02 03:53:34+00:00,R0005,1,1,0,Night,Severe,accident_reports,B20260305T000843Z,2026-03-05T00:08:43+00:00,feefd47fbe5d63f6,2026-03-02,Qassim,Buraidah,Highway,80,2,Rain,6.3,4.59,15.5
A000065,2026-02-18 00:05:13+00:00,R0009,3,0,0,Night,Moderate,accident_reports,B20260305T000843Z,2026-03-05T00:08:43+00:00,9e1b9218427d91dc,2026-02-18,Qassim,Buraidah,Rural,40,2,Dust,3.1,0.02,29.6
A000066,2026-02-12 17:09:09+00:00,R0007,6,1,0,Day,Fatal,accident_reports,B20260305T000843Z,2026-03-05T00:08:43+00:00,4a51dd3ef2666783,2026-02-12,Qassim,Buraidah,Rural,60,1,Clear,11.0,0.01,19.1
A000067,2026-02-17 13:31:26+00:00,R0014,3,2,0,Day,Severe,accident_reports,B20260305T000843Z,2026-03-05T00:08:43+00:00,73406eedfbb8426d,2026-02-17,Riyadh,Al Kharj,Highway,100,3,Clear,10.8,0.01,36.4
A000068,2026-02-19 03:00:34+00:00,R0011,4,1,0,Night,Severe,accident_reports,B20260305T000843Z,2026-03-05T00:08:43+00:00,1ee8eead4969c026,2026-02-19,Eastern,Khobar,Highway,80,3,Dust,4.2,0.09,29.2
A000069,2026-02-05 04:05:24+00:00,R0006,4,0,0,Night,Severe,accident_reports,B20260305T000843Z,2026-03-05T00:08:43+00:00,22f4f8b8f95ed9db,2026-02-05,Qassim,Buraidah,Urban,60,3,Clear,8.4,0.03,20.5
A000070,2026-02-26 17:32:36+00:00,R0001,4,2,0,Day,Severe,accident_reports,B20260305T000843Z,2026-03-05T00:08:43+00:00,44b9e0172415f885,2026-02-26,Riyadh,Riyadh,Urban,80,2,Clear,9.5,0.02,28.2
A000071,2026-03-01 12:11:16+00:00,R0017,5,1,0,Day,Severe,accident_reports,B20260305T000843Z,2026-03-05T00:08:43+00:00,80ef648160cbebb6,2026-03-01,Riyadh,Riyadh,Urban,60,2,Clear,9.6,0.07,38.3
A000072,2026-02-04 10:34:49+00:00,R0023,2,1,0,Day,Moderate,accident_reports,B20260305T000843Z,2026-03-05T00:08:43+00:00,35ef3065c5a3bd53,2026-02-04,Riyadh,Riyadh,Urban,60,4,Clear,8.0,0.0,24.9
A000073,2026-02-25 15:24:24+00:00,R0010,5,0,0,Day,Moderate,accident_reports,B20260305T000843Z,2026-03-05T00:08:43+00:00,e5a90760deb075d9,2026-02-25,Asir,Abha,Urban,60,5,Rain,8.6,1.72,32.6
A000074,2026-02-12 11:09:08+00:00,R0005,3,3,0,Day,Severe,accident_reports,B20260305T000843Z,2026-03-05T00:08:43+00:00,67c94e2447879f70,2026-02-12,Qassim,Buraidah,Highway,80,2,Dust,4.6,0.01,28.7
A000075,2026-02-05 08:07:46+00:00,R0009,4,0,0,Day,Moderate,accident_reports,B20260305T000843Z,2026-03-05T00:08:43+00:00,9c345b68e69c88c5,2026-02-05,Qassim,Buraidah,Rural,40,2,Clear,9.3,0.01,23.4
A000076,2026-02-23 02:42:41+00:00,R0015,4,1,1,Night,Fatal,accident_reports,B20260305T000843Z,2026-03-05T00:08:43+00:00,61f91c4e8ef24cdd,2026-02-23,Madinah,Madinah,Highway,60,4,Clear,9.7,0.06,34.3
A000077,2026-02-07 03:48:17+00:00,R0009,4,2,0,Night,Fatal,accident_reports,B20260305T000843Z,2026-03-05T00:08:43+00:00,eaa41d288001bd4c,2026-02-07,Qassim,Buraidah,Rural,40,2,Clear,8.1,0.07,34.2
A000078,2026-02-13 22:16:02+00:00,R0009,1,0,0,Night,Moderate,accident_reports,B20260305T000843Z,2026-03-05T00:08:43+00:00,907d3358cfd1c3ba,2026-02-13,Qassim,Buraidah,Rural,40,2,Dust,5.3,0.06,21.4
A000079,2026-02-06 15:50:38+00:00,R0002,3,0,0,Day,Moderate,accident_reports,B20260305T000843Z,2026-03-05T00:08:43+00:00,59ec54923cd26368,2026-02-06,Qassim,Buraidah,Highway,60,5,Fog,2.0,0.0,26.9
A000080,2026-02-26 07:23:34+00:00,R0013,2,2,0,Day,Severe,accident_reports,B20260305T000843Z,2026-03-05T00:08:43+00:00,76aec3c208ce9582,2026-02-26,Asir,Abha,Urban,80,2,Fog,2.6,0.27,23.6
A000081,2026-02-04 16:38:20+00:00,R0015,5,1,0,Day,Severe,accident_reports,B20260305T000843Z,2026-03-05T00:08:43+00:00,73b7274ecb62b981,2026-02-04,Madinah,Madinah,Highway,60,4,Rain,6.4,6.83,24.4
A000082,2026-02-09 18:51:40+00:00,R0001,4,1,0,Night,Severe,accident_reports,B20260305T000843Z,2026-03-05T00:08:43+00:00,819e2325b4b309e2,2026-02-09,Riyadh,Riyadh,Urban,80,2,Clear,9.4,0.06,42.5
A000083,2026-02-14 01:10:15+00:00,R0009,4,0,2,Night,Fatal,accident_reports,B20260305T000843Z,2026-03-05T00:08:43+00:00,31f7e3b769bee494,2026-02-14,Qassim,Buraidah,Rural,40,2,Fog,3.3,0.0,18.7
A000084,2026-02-21 13:01:46+00:00,R0007,3,1,0,Day,Severe,accident_reports,B20260305T000843Z,2026-03-05T00:08:43+00:00,1ec7bfa9f32ce873,2026-02-21,Qassim,Buraidah,Rural,60,1,Clear,9.4,0.01,14.5
A000085,2026-02-03 06:51:29+00:00,R0012,3,2,0,Day,Severe,accident_reports,B20260305T000843Z,2026-03-05T00:08:43+00:00,873dd66ce2d92e64,2026-02-03,Riyadh,Al Kharj,Rural,60,2,Dust,3.6,0.0,29.9
A000086,2026-02-12 08:52:56+00:00,R0021,4,1,1,Day,Fatal,accident_reports,B20260305T000843Z,2026-03-05T00:08:43+00:00,091290ae54dfd331,2026-02-12,Madinah,Madinah,Highway,100,3,Clear,9.7,0.09,19.3
A000087,2026-02-21 14:55:22+00:00,R0011,6,0,0,Day,Severe,accident_reports,B20260305T000843Z,2026-03-05T00:08:43+00:00,858bd79961f06e2b,2026-02-21,Eastern,Khobar,Highway,80,3,Clear,9.2,0.0,36.5
A000088,2026-02-25 14:06:58+00:00,R0004,3,0,0,Day,Severe,accident_reports,B20260305T000843Z,2026-03-05T00:08:43+00:00,d9a0ce0029646d0e,2026-02-25,Riyadh,Riyadh,Highway,140,2,Clear,9.7,0.01,31.8
A000089,2026-02-16 10:47:17+00:00,R0023,2,2,0,Day,Severe,accident_reports,B20260305T000843Z,2026-03-05T00:08:43+00:00,8a3659c4d6a15aa4,2026-02-16,Riyadh,Riyadh,Urban,60,4,Clear,11.0,0.08,31.8
A000090,2026-02-16 14:46:25+00:00,R0004,7,1,0,Day,Severe,accident_reports,B20260305T000843Z,2026-03-05T00:08:43+00:00,57f15199ad961fb3,2026-02-16,Riyadh,Riyadh,Highway,140,2,Clear,9.3,0.6,28.7
A000091,2026-02-17 20:24:33+00:00,R0017,4,3,0,Night,Fatal,accident_reports,B20260305T000843Z,2026-03-05T00:08:43+00:00,5d4301dd53dc2304,2026-02-17,Riyadh,Riyadh,Urban,60,2,Clear,11.2,0.19,22.5
A000092,2026-02-26 20:29:16+00:00,R0008,2,1,0,Night,Severe,accident_reports,B20260305T000843Z,2026-03-05T00:08:43+00:00,733fdab1d6141925,2026-02-26,Riyadh,Riyadh,Urban,40,2,Clear,9.2,0.0,30.2
A000093,2026-02-23 16:59:42+00:00,R0004,3,2,0,Day,Severe,accident_reports,B20260305T000843Z,2026-03-05T00:08:43+00:00,25abcc7224bf1cca,2026-02-23,Riyadh,Riyadh,Highway,140,2,Dust,1.7,0.01,33.8
A000094,2026-02-26 22:09:20+00:00,R0019,4,3,0,Night,Fatal,accident_reports,B20260305T000843Z,2026-03-05T00:08:43+00:00,fa699b39debb16e2,2026-02-26,Eastern,Khobar,Rural,60,1,Clear,10.6,0.09,23.0
A000095,2026-03-04 17:22:40+00:00,R0022,1,1,0,Day,Moderate,accident_reports,B20260305T000843Z,2026-03-05T00:08:43+00:00,22c1abc331b14460,2026-03-04,Asir,Abha,Urban,60,5,Clear,10.1,0.12,20.7
A000096,2026-02-14 06:21:15+00:00,R0004,1,0,0,Day,Moderate,accident_reports,B20260305T000843Z,2026-03-05T00:08:43+00:00,b7ff2bb7402102d1,2026-02-14,Riyadh,Riyadh,Highway,140,2,Clear,11.0,0.02,32.0
A000097,2026-02-17 13:07:08+00:00,R0023,2,0,0,Day,Moderate,accident_reports,B20260305T000843Z,2026-03-05T00:08:43+00:00,55734567bc98ece8,2026-02-17,Riyadh,Riyadh,Urban,60,4,Clear,10.3,0.02,38.0
A000098,2026-03-02 01:59:13+00:00,R0020,4,2,0,Night,Severe,accident_reports,B20260305T000843Z,2026-03-05T00:08:43+00:00,81a5f00b2cce0f21,2026-03-02,Madinah,Madinah,Highway,140,2,Clear,8.9,0.03,28.8
A000099,2026-02-20 08:16:33+00:00,R0016,3,0,0,Day,Moderate,accident_reports,B20260305T000843Z,2026-03-05T00:08:43+00:00,e47c9d4e8c177ca7,2026-02-20,Eastern,Khobar,Rural,60,2,Clear,8.7,0.0,25.5
A000100,2026-02-24 02:34:36+00:00,R0011,1,0,0,Night,Moderate,accident_reports,B20260305T000843Z,2026-03-05T00:08:43+00:00,373c83a16fdc2a52,2026-02-24,Eastern,Khobar,Highway,80,3,Dust,5.8,0.07,36.4
A000101,2026-02-23 17:49:44+00:00,R0006,5,0,1,Day,Fatal,accident_reports,B20260305T000843Z,2026-03-05T00:08:43+00:00,68e7a09cbe2c43f9,2026-02-23,Qassim,Buraidah,Urban,60,3,Clear,10.2,0.03,24.5
A000102,2026-02-05 10:50:45+00:00,R0005,2,0,0,Day,Moderate,accident_reports,B20260305T000843Z,2026-03-05T00:08:43+00:00,2db79eb8028c9d44,2026-02-05,Qassim,Buraidah,Highway,80,2,Fog,1.8,0.06,21.8
A000103,2026-02-11 10:00:03+00:00,R0016,2,1,0,Day,Moderate,accident_reports,B20260305T000843Z,2026-03-05T00:08:43+00:00,8c1fac6d74311da3,2026-02-11,Eastern,Khobar,Rural,60,2,Clear,10.4,0.04,31.5
A000104,2026-02-07 19:56:17+00:00,R0013,4,0,0,Night,Severe,accident_reports,B20260305T000843Z,2026-03-05T00:08:43+00:00,13f470820dfcb3af,2026-02-07,Asir,Abha,Urban,80,2,Clear,9.5,0.05,25.6
A000105,2026-02-22 15:39:11+00:00,R0005,6,0,0,Day,Moderate,accident_reports,B20260305T000843Z,2026-03-05T00:08:43+00:00,81fc8e2cef9a9647,2026-02-22,Qassim,Buraidah,Highway,80,2,Dust,2.4,0.0,27.0
A000106,2026-03-04 10:31:11+00:00,R0003,2,1,0,Day,Severe,accident_reports,B20260305T000843Z,2026-03-05T00:08:43+00:00,8a668b8e93a19337,2026-03-04,Madinah,Madinah,Highway,60,5,Clear,9.0,0.01,17.9
A000107,2026-02-14 01:19:10+00:00,R0002,2,2,0,Night,Severe,accident_reports,B20260305T000843Z,2026-03-05T00:08:43+00:00,75cfb5b868e7af79,2026-02-14,Qassim,Buraidah,Highway,60,5,Fog,3.3,0.0,18.7
A000108,2026-02-04 17:45:30+00:00,R0004,6,2,0,Day,Severe,accident_reports,B20260305T000843Z,2026-03-05T00:08:43+00:00,87bd1d51a11479af,2026-02-04,Riyadh,Riyadh,Highway,140,2,Clear,10.0,0.02,26.1
A000109,2026-02-13 06:00:19+00:00,R0004,5,2,0,Day,Fatal,accident_reports,B20260305T000843Z,2026-03-05T00:08:43+00:00,207bf79d3f350778,2026-02-13,Riyadh,Riyadh,Highway,140,2,Clear,10.9,0.0,32.0
A000110,2026-02-15 10:06:12+00:00,R0008,6,0,0,Day,Moderate,accident_reports,B20260305T000843Z,2026-03-05T00:08:43+00:00,738cd7035cc1aeb3,2026-02-15,Riyadh,Riyadh,Urban,40,2,Dust,6.6,0.0,31.6
A000111,2026-03-02 08:24:04+00:00,R0022,2,0,0,Day,Moderate,accident_reports,B20260305T000843Z,2026-03-05T00:08:43+00:00,43f6183613c3f740,2026-03-02,Asir,Abha,Urban,60,5,Clear,10.3,0.02,13.4
A000112,2026-02-04 07:42:13+00:00,R0004,3,1,0,Day,Severe,accident_reports,B20260305T000843Z,2026-03-05T00:08:43+00:00,1ce195190b1bb549,2026-02-04,Riyadh,Riyadh,Highway,140,2,Clear,9.6,0.05,25.2
A000113,2026-02-19 03:20:09+00:00,R0001,4,0,0,Night,Severe,accident_reports,B20260305T000843Z,2026-03-05T00:08:43+00:00,ccd6abb88c05dda9,2026-02-19,Riyadh,Riyadh,Urban,80,2,Clear,8.9,0.04,38.2
A000114,2026-02-03 09:35:29+00:00,R0010,2,1,0,Day,Severe,accident_reports,B20260305T000843Z,2026-03-05T00:08:43+00:00,34cfc03486fd0497,2026-02-03,Asir,Abha,Urban,60,5,Fog,2.1,0.09,25.9
A000115,2026-02-23 03:11:33+00:00,R0001,4,1,0,Night,Fatal,accident_reports,B20260305T000843Z,2026-03-05T00:08:43+00:00,3fb953e363278844,2026-02-23,Riyadh,Riyadh,Urban,80,2,Clear,8.5,0.0,48.0
A000116,2026-02-15 01:04:59+00:00,R0017,1,1,0,Night,Severe,accident_reports,B20260305T000843Z,2026-03-05T00:08:43+00:00,8262b352ab8068c4,2026-02-15,Riyadh,Riyadh,Urban,60,2,Clear,11.8,0.0,30.1
A000117,2026-02-12 07:14:14+00:00,R0010,2,2,0,Day,Severe,accident_reports,B20260305T000843Z,2026-03-05T00:08:43+00:00,4a3c53db66f1045a,2026-02-12,Asir,Abha,Urban,60,5,Clear,9.6,0.03,25.3
A000118,2026-02-03 17:39:07+00:00,R0008,4,0,0,Day,Moderate,accident_reports,B20260305T000843Z,2026-03-05T00:08:43+00:00,b287660d8ac52a4a,2026-02-03,Riyadh,Riyadh,Urban,40,2,Clear,12.0,0.16,27.6
A000119,2026-03-03 10:43:03+00:00,R0000,7,1,0,Day,Severe,accident_reports,B20260305T000843Z,2026-03-05T00:08:43+00:00,5fa8d4dd4e9fb0e3,2026-03-03,Eastern,Dammam,Urban,80,2,Clear,8.8,0.01,40.3
A000120,2026-03-04 10:58:52+00:00,R0021,3,2,0,Day,Severe,accident_reports,B20260305T000843Z,2026-03-05T00:08:43+00:00,1a8995d838b88973,2026-03-04,Madinah,Madinah,Highway,100,3,Clear,9.0,0.01,17.9
A000121,2026-03-02 12:50:45+00:00,R0023,4,0,0,Day,Moderate,accident_reports,B20260305T000843Z,2026-03-05T00:08:43+00:00,230383f877e6d9a5,2026-03-02,Riyadh,Riyadh,Urban,60,4,Clear,10.1,0.0,29.8
A000122,2026-02-09 00:23:40+00:00,R0002,5,3,0,Night,Fatal,accident_reports,B20260305T000843Z,2026-03-05T00:08:43+00:00,9d5f371522cff02f,2026-02-09,Qassim,Buraidah,Highway,60,5,Dust,5.2,0.1,18.6
A000123,2026-03-01 15:02:34+00:00,R0002,3,0,1,Day,Fatal,accident_reports,B20260305T000843Z,2026-03-05T00:08:43+00:00,58e5fab56ea5cb5e,2026-03-01,Qassim,Buraidah,Highway,60,5,Clear,11.3,0.12,9.0
A000124,2026-02-11 13:13:22+00:00,R0012,5,1,0,Day,Severe,accident_reports,B20260305T000843Z,2026-03-05T00:08:43+00:00,365a2956d0a9aac8,2026-02-11,Riyadh,Al Kharj,Rural,60,2,Clear,9.0,0.02,28.5
A000125,2026-02-16 06:20:26+00:00,R0005,3,1,0,Day,Moderate,accident_reports,B20260305T000843Z,2026-03-05T00:08:43+00:00,11114ee37e431992,2026-02-16,Qassim,Buraidah,Highway,80,2,Clear,12.0,0.16,19.8
A000126,2026-02-14 09:22:08+00:00,R0000,4,1,0,Day,Severe,accident_reports,B20260305T000843Z,2026-03-05T00:08:43+00:00,3d0d2e870dcd8231,2026-02-14,Eastern,Dammam,Urban,80,2,Fog,2.4,0.01,30.7
A000127,2026-02-10 07:52:07+00:00,R0018,5,3,0,Day,Severe,accident_reports,B20260305T000843Z,2026-03-05T00:08:43+00:00,6678dc08782eebc7,2026-02-10,Riyadh,Al Kharj,Rural,80,2,Clear,10.7,0.12,35.6
A000128,2026-02-14 23:35:12+00:00,R0014,2,0,0,Night,Moderate,accident_reports,B20260305T000843Z,2026-03-05T00:08:43+00:00,be3898894f40fecd,2026-02-14,Riyadh,Al Kharj,Highway,100,3,Clear,10.3,0.04,26.4
A000129,2026-02-06 19:43:29+00:00,R0002,6,2,0,Night,Fatal,accident_reports,B20260305T000843Z,2026-03-05T00:08:43+00:00,4ec39b173f8aa486,2026-02-06,Qassim,Buraidah,Highway,60,5,Dust,4.7,0.4,28.9
A000130,2026-02-10 12:34:12+00:00,R0005,2,1,0,Day,Moderate,accident_reports,B20260305T000843Z,2026-03-05T00:08:43+00:00,9802e62c35d6def7,2026-02-10,Qassim,Buraidah,Highway,80,2,Clear,11.4,0.0,23.3
A000131,2026-02-21 14:36:40+00:00,R0013,4,0,0,Day,Moderate,accident_reports,B20260305T000843Z,2026-03-05T00:08:43+00:00,5255cb691750bade,2026-02-21,Asir,Abha,Urban,80,2,Clear,10.1,0.04,18.3
A000132,2026-02-04 03:37:44+00:00,R0014,2,0,1,Night,Fatal,accident_reports,B20260305T000843Z,2026-03-05T00:08:43+00:00,b5f0335a7eea2730,2026-02-04,Riyadh,Al Kharj,Highway,100,3,Dust,4.2,0.08,39.4
A000133,2026-02-15 19:13:14+00:00,R0011,3,0,0,Night,Severe,accident_reports,B20260305T000843Z,2026-03-05T00:08:43+00:00,7662a3c9e40f96b8,2026-02-15,Eastern,Khobar,Highway,80,3,Clear,9.7,0.0,26.9
A000134,2026-02-11 23:44:20+00:00,R0021,6,0,0,Night,Severe,accident_reports,B20260305T000843Z,2026-03-05T00:08:43+00:00,0f81855385db35aa,2026-02-11,Madinah,Madinah,Highway,100,3,Clear,9.6,0.0,28.6
A000135,2026-02-05 06:15:08+00:00,R0017,4,1,0,Day,Severe,accident_reports,B20260305T000843Z,2026-03-05T00:08:43+00:00,74b829e3fabba7b7,2026-02-05,Riyadh,Riyadh,Urban,60,2,Clear,11.1,0.23,32.6
A000136,2026-02-17 07:09:09+00:00,R0017,3,0,0,Day,Moderate,accident_reports,B20260305T000843Z,2026-03-05T00:08:43+00:00,d70509f3c3820534,2026-02-17,Riyadh,Riyadh,Urban,60,2,Dust,3.5,0.4,41.7
A000137,2026-03-01 08:35:06+00:00,R0001,3,0,0,Day,Severe,accident_reports,B20260305T000843Z,2026-03-05T00:08:43+00:00,cb84e9e4cbf413ab,2026-03-01,Riyadh,Riyadh,Urban,80,2,Clear,7.9,0.02,27.5
A000138,2026-02-20 05:12:16+00:00,R0010,5,0,0,Night,Severe,accident_reports,B20260305T000843Z,2026-03-05T00:08:43+00:00,9c67a80693d11605,2026-02-20,Asir,Abha,Urban,60,5,Rain,8.1,3.94,11.9
A000139,2026-02-27 22:14:31+00:00,R0007,5,0,0,Night,Fatal,accident_reports,B20260305T000843Z,2026-03-05T00:08:43+00:00,ea89f9b5ec23d989,2026-02-27,Qassim,Buraidah,Rural,60,1,Rain,8.0,2.15,18.2
A000140,2026-02-23 16:37:34+00:00,R0010,3,0,0,Day,Moderate,accident_reports,B20260305T000843Z,2026-03-05T00:08:43+00:00,1d37d08cdc628874,2026-02-23,Asir,Abha,Urban,60,5,Clear,8.0,0.13,22.3
A000141,2026-02-26 06:07:43+00:00,R0007,5,2,0,Day,Severe,accident_reports,B20260305T000843Z,2026-03-05T00:08:43+00:00,11cf36cabdfd09b0,2026-02-26,Qassim,Buraidah,Rural,60,1,Dust,6.1,0.18,23.2
A000142,2026-02-14 14:38:22+00:00,R0007,3,0,0,Day,Moderate,accident_reports,B20260305T000843Z,2026-03-05T00:08:43+00:00,cbd15e3eab9214d0,2026-02-14,Qassim,Buraidah,Rural,60,1,Rain,7.2,4.73,14.7
A000143,2026-03-02 03:05:39+00:00,R0005,3,2,0,Night,Severe,accident_reports,B20260305T000843Z,2026-03-05T00:08:43+00:00,8fa3826fd5db91c6,2026-03-02,Qassim,Buraidah,Highway,80,2,Rain,6.3,4.59,15.5
A000144,2026-02-17 21:03:53+00:00,R0020,2,1,0,Night,Severe,accident_reports,B20260305T000843Z,2026-03-05T00:08:43+00:00,43193d6fc35ec5f7,2026-02-17,Madinah,Madinah,Highway,140,2,Clear,9.5,0.01,20.8
A000145,2026-02-23 08:22:38+00:00,R0019,4,1,0,Day,Moderate,accident_reports,B20260305T000843Z,2026-03-05T00:08:43+00:00,5bcb644866b5a32e,2026-02-23,Eastern,Khobar,Rural,60,1,Clear,10.7,0.06,33.1
A000146,2026-02-11 10:27:24+00:00,R0014,1,0,0,Day,Moderate,accident_reports,B20260305T000843Z,2026-03-05T00:08:43+00:00,6f238c3b06ea100e,2026-02-11,Riyadh,Al Kharj,Highway,100,3,Clear,10.7,0.03,30.4
A000147,2026-02-12 02:33:58+00:00,R0021,4,2,0,Night,Severe,accident_reports,B20260305T000843Z,2026-03-05T00:08:43+00:00,6337a2a0160fab24,2026-02-12,Madinah,Madinah,Highway,100,3,Fog,2.0,0.08,15.7
A000148,2026-02-16 21:32:13+00:00,R0013,3,2,0,Night,Fatal,accident_reports,B20260305T000843Z,2026-03-05T00:08:43+00:00,d0b4075e0a46b9b8,2026-02-16,Asir,Abha,Urban,80,2,Rain,6.8,3.26,17.4
A000149,2026-02-24 07:56:11+00:00,R0003,3,2,0,Day,Moderate,accident_reports,B20260305T000843Z,2026-03-05T00:08:43+00:00,9296850b9f5c405c,2026-02-24,Madinah,Madinah,Highway,60,5,Clear,9.5,0.0,24.9
A000150,2026-02-13 04:49:58+00:00,R0018,1,2,0,Night,Severe,accident_reports,B20260305T000843Z,2026-03-05T00:08:43+00:00,474bf3a0a9390aaf,2026-02-13,Riyadh,Al Kharj,Rural,80,2,Clear,9.1,0.02,30.6
A000151,2026-02-17 17:18:08+00:00,R0004,6,0,0,Day,Severe,accident_reports,B20260305T000843Z,2026-03-05T00:08:43+00:00,ed4733c141a85045,2026-02-17,Riyadh,Riyadh,Highway,140,2,Rain,7.0,1.47,20.7
A000152,2026-02-22 10:50:36+00:00,R0023,3,0,0,Day,Moderate,accident_reports,B20260305T000843Z,2026-03-05T00:08:43+00:00,c9416f020e3a8b66,2026-02-22,Riyadh,Riyadh,Urban,60,4,Dust,2.7,0.0,48.0
A000153,2026-02-24 17:20:32+00:00,R0013,4,2,0,Day,Moderate,accident_reports,B20260305T000843Z,2026-03-05T00:08:43+00:00,be4cd1afb5ed9593,2026-02-24,Asir,Abha,Urban,80,2,Dust,4.3,0.01,17.4
A000154,2026-02-11 10:07:38+00:00,R0015,2,0,0,Day,Moderate,accident_reports,B20260305T000843Z,2026-03-05T00:08:43+00:00,6a7202754f9b924c,2026-02-11,Madinah,Madinah,Highway,60,4,Clear,9.5,0.0,28.4
A000155,2026-02-23 09:19:31+00:00,R0022,2,0,0,Day,Moderate,accident_reports,B20260305T000843Z,2026-03-05T00:08:43+00:00,d9bec662b498deaa,2026-02-23,Asir,Abha,Urban,60,5,Fog,4.4,0.08,21.3
A000156,2026-02-20 04:43:22+00:00,R0005,2,1,0,Night,Severe,accident_reports,B20260305T000843Z,2026-03-05T00:08:43+00:00,61720c32df0a12a5,2026-02-20,Qassim,Buraidah,Highway,80,2,Clear,10.7,0.1,29.4
A000157,2026-03-01 02:57:48+00:00,R0023,4,1,0,Night,Severe,accident_reports,B20260305T000843Z,2026-03-05T00:08:43+00:00,d3628dfe38079cb8,2026-03-01,Riyadh,Riyadh,Urban,60,4,Clear,10.1,0.02,33.1
A000158,2026-02-03 12:02:52+00:00,R0015,1,2,0,Day,Severe,accident_reports,B20260305T000843Z,2026-03-05T00:08:43+00:00,880c2e0aead0d07a,2026-02-03,Madinah,Madinah,Highway,60,4,Clear,10.3,0.0,21.1
A000159,2026-02-07 09:09:10+00:00,R0014,2,0,0,Day,Moderate,accident_reports,B20260305T000843Z,2026-03-05T00:08:43+00:00,99ec9f3ed32d337b,2026-02-07,Riyadh,Al Kharj,Highway,100,3,Fog,2.7,0.25,33.8
A000160,2026-03-02 10:56:00+00:00,R0007,4,0,0,Day,Severe,accident_reports,B20260305T000843Z,2026-03-05T00:08:43+00:00,5eee8a47acd05d6f,2026-03-02,Qassim,Buraidah,Rural,60,1,Dust,3.1,0.06,16.7
A000161,2026-02-22 09:20:19+00:00,R0020,1,0,0,Day,Moderate,accident_reports,B20260305T000843Z,2026-03-05T00:08:43+00:00,affa601063b1fbf7,2026-02-22,Madinah,Madinah,Highway,140,2,Clear,11.2,0.09,25.3
A000162,2026-03-02 17:32:11+00:00,R0023,4,1,0,Day,Severe,accident_reports,B20260305T000843Z,2026-03-05T00:08:43+00:00,187c357acb3ce7b2,2026-03-02,Riyadh,Riyadh,Urban,60,4,Clear,9.2,0.25,32.8
A000163,2026-02-08 02:31:50+00:00,R0007,4,1,0,Night,Fatal,accident_reports,B20260305T000843Z,2026-03-05T00:08:43+00:00,31b4facd6d56cd73,2026-02-08,Qassim,Buraidah,Rural,60,1,Dust,3.1,0.24,23.5
A000164,2026-02-19 23:14:24+00:00,R0003,4,3,0,Night,Fatal,accident_reports,B20260305T000843Z,2026-03-05T00:08:43+00:00,5d98676eabc9ea83,2026-02-19,Madinah,Madinah,Highway,60,5,Clear,9.6,0.03,11.5
A000165,2026-02-23 03:46:20+00:00,R0023,2,0,0,Night,Moderate,accident_reports,B20260305T000843Z,2026-03-05T00:08:43+00:00,316ea3a30a5d3d14,2026-02-23,Riyadh,Riyadh,Urban,60,4,Clear,8.5,0.0,48.0
A000166,2026-02-28 03:08:07+00:00,R0014,8,2,0,Night,Fatal,accident_reports,B20260305T000843Z,2026-03-05T00:08:43+00:00,e8b085f5b9b90211,2026-02-28,Riyadh,Al Kharj,Highway,100,3,Clear,11.4,0.0,35.3
A000167,2026-02-22 11:07:01+00:00,R0003,4,0,0,Day,Moderate,accident_reports,B20260305T000843Z,2026-03-05T00:08:43+00:00,01c16fdf2d1d1838,2026-02-22,Madinah,Madinah,Highway,60,5,Clear,10.2,0.02,23.4
A000168,2026-02-22 13:30:09+00:00,R0007,3,1,0,Day,Severe,accident_reports,B20260305T000843Z,2026-03-05T00:08:43+00:00,09145b6c61487912,2026-02-22,Qassim,Buraidah,Rural,60,1,Clear,8.1,0.01,26.8
A000169,2026-03-03 04:19:16+00:00,R0022,4,0,1,Night,Fatal,accident_reports,B20260305T000843Z,2026-03-05T00:08:43+00:00,0008b99b5123789c,2026-03-03,Asir,Abha,Urban,60,5,Dust,5.6,0.0,32.7
A000170,2026-02-23 11:02:53+00:00,R0019,2,0,0,Day,Minor,accident_reports,B20260305T000843Z,2026-03-05T00:08:43+00:00,a725602d400b0be3,2026-02-23,Eastern,Khobar,Rural,60,1,Clear,7.6,0.0,23.8
A000171,2026-02-07 13:54:31+00:00,R0015,1,1,0,Day,Severe,accident_reports,B20260305T000843Z,2026-03-05T00:08:43+00:00,ca9aef2c862d423f,2026-02-07,Madinah,Madinah,Highway,60,4,Dust,3.6,0.46,13.5
A000172,2026-03-01 15:00:08+00:00,R0000,2,0,0,Day,Moderate,accident_reports,B20260305T000843Z,2026-03-05T00:08:43+00:00,765cb9b8dd3fea66,2026-03-01,Eastern,Dammam,Urban,80,2,Clear,12.0,0.05,30.8
A000173,2026-02-25 16:50:39+00:00,R0009,3,1,0,Day,Moderate,accident_reports,B20260305T000843Z,2026-03-05T00:08:43+00:00,54636545a46c9d29,2026-02-25,Qassim,Buraidah,Rural,40,2,Dust,5.7,0.18,10.6
A000174,2026-02-12 09:11:59+00:00,R0007,3,1,0,Day,Severe,accident_reports,B20260305T000843Z,2026-03-05T00:08:43+00:00,d3e916fb62bdd4d1,2026-02-12,Qassim,Buraidah,Rural,60,1,Dust,4.1,0.17,21.6
A000175,2026-02-27 01:01:15+00:00,R0018,2,0,0,Night,Moderate,accident_reports,B20260305T000843Z,2026-03-05T00:08:43+00:00,62a1e6b39f8dc4a7,2026-02-27,Riyadh,Al Kharj,Rural,80,2,Clear,10.0,0.0,32.0
A000176,2026-03-04 09:36:13+00:00,R0011,2,0,1,Day,Fatal,accident_reports,B20260305T000843Z,2026-03-05T00:08:43+00:00,543258eca69d20e7,2026-03-04,Eastern,Khobar,Highway,80,3,Clear,11.9,0.0,46.2
A000177,2026-03-03 13:22:42+00:00,R0023,4,1,0,Day,Severe,accident_reports,B20260305T000843Z,2026-03-05T00:08:43+00:00,5083745174e7265c,2026-03-03,Riyadh,Riyadh,Urban,60,4,Clear,10.4,0.07,35.6
A000178,2026-02-28 06:02:23+00:00,R0022,3,0,0,Day,Moderate,accident_reports,B20260305T000843Z,2026-03-05T00:08:43+00:00,dee07138cc0c2494,2026-02-28,Asir,Abha,Urban,60,5,Clear,10.5,0.0,19.2
A000179,2026-02-13 11:58:13+00:00,R0000,1,0,0,Day,Moderate,accident_reports,B20260305T000843Z,2026-03-05T00:08:43+00:00,aea01f838b7f27ec,2026-02-13,Eastern,Dammam,Urban,80,2,Dust,3.9,0.08,19.2
A000180,2026-02-07 14:02:58+00:00,R0017,2,0,0,Day,Moderate,accident_reports,B20260305T000843Z,2026-03-05T00:08:43+00:00,77949c799976f807,2026-02-07,Riyadh,Riyadh,Urban,60,2,Clear,11.4,0.12,29.3
A000181,2026-02-27 13:05:18+00:00,R0006,4,2,0,Day,Severe,accident_reports,B20260305T000843Z,2026-03-05T00:08:43+00:00,3baf255d3c35dd29,2026-02-27,Qassim,Buraidah,Urban,60,3,Clear,9.6,0.01,27.6
A000182,2026-02-27 07:00:13+00:00,R0018,4,1,0,Day,Moderate,accident_reports,B20260305T000843Z,2026-03-05T00:08:43+00:00,723f4a6fba147e0e,2026-02-27,Riyadh,Al Kharj,Rural,80,2,Clear,9.9,0.09,30.9
A000183,2026-02-12 11:05:22+00:00,R0001,4,0,0,Day,Severe,accident_reports,B20260305T000843Z,2026-03-05T00:08:43+00:00,6086d376f2574864,2026-02-12,Riyadh,Riyadh,Urban,80,2,Clear,10.1,0.01,37.3
A000184,2026-02-19 11:35:21+00:00,R0003,1,0,0,Day,Moderate,accident_reports,B20260305T000843Z,2026-03-05T00:08:43+00:00,945e1d241141eeca,2026-02-19,Madinah,Madinah,Highway,60,5,Clear,11.7,0.03,19.8
A000185,2026-02-15 10:26:47+00:00,R0003,3,0,0,Day,Moderate,accident_reports,B20260305T000843Z,2026-03-05T00:08:43+00:00,1aa3e89545e18bdb,2026-02-15,Madinah,Madinah,Highway,60,5,Clear,11.5,0.02,24.7
A000186,2026-02-07 23:23:22+00:00,R0022,3,1,0,Night,Severe,accident_reports,B20260305T000843Z,2026-03-05T00:08:43+00:00,31f0b079390d749c,2026-02-07,Asir,Abha,Urban,60,5,Fog,2.5,0.18,6.7
A000187,2026-02-09 07:57:45+00:00,R0002,3,0,0,Day,Severe,accident_reports,B20260305T000843Z,2026-03-05T00:08:43+00:00,c125a5f1108d692b,2026-02-09,Qassim,Buraidah,Highway,60,5,Dust,4.2,0.03,19.5
A000188,2026-02-10 09:38:56+00:00,R0010,1,0,0,Day,Minor,accident_reports,B20260305T000843Z,2026-03-05T00:08:43+00:00,d85098dd72188c67,2026-02-10,Asir,Abha,Urban,60,5,Clear,9.1,0.03,27.5
A000189,2026-02-17 09:58:08+00:00,R0010,1,1,0,Day,Severe,accident_reports,B20260305T000843Z,2026-03-05T00:08:43+00:00,3c0658f262823027,2026-02-17,Asir,Abha,Urban,60,5,Dust,5.7,0.0,27.6
A000190,2026-02-07 02:54:38+00:00,R0012,4,1,0,Night,Fatal,accident_reports,B20260305T000843Z,2026-03-05T00:08:43+00:00,7a81229674ada77d,2026-02-07,Riyadh,Al Kharj,Rural,60,2,Rain,6.5,2.81,25.4
A000191,2026-02-24 11:55:00+00:00,R0017,2,1,0,Day,Moderate,accident_reports,B20260305T000843Z,2026-03-05T00:08:43+00:00,790c5ac858bb9e71,2026-02-24,Riyadh,Riyadh,Urban,60,2,Clear,8.9,0.0,23.0
A000192,2026-02-24 00:46:40+00:00,R0002,6,0,0,Night,Severe,accident_reports,B20260305T000843Z,2026-03-05T00:08:43+00:00,ac7570a4fe96d2f8,2026-02-24,Qassim,Buraidah,Highway,60,5,Clear,11.0,0.0,16.8
A000193,2026-03-04 20:15:19+00:00,R0015,4,0,1,Night,Fatal,accident_reports,B20260305T000843Z,2026-03-05T00:08:43+00:00,54cf6b5b473523b3,2026-03-04,Madinah,Madinah,Highway,60,4,Clear,8.8,0.29,30.8
A000194,2026-02-16 12:49:25+00:00,R0013,6,2,0,Day,Fatal,accident_reports,B20260305T000843Z,2026-03-05T00:08:43+00:00,27af04d2d2dd40a8,2026-02-16,Asir,Abha,Urban,80,2,Clear,10.0,0.04,11.1
A000195,2026-02-07 00:35:40+00:00,R0007,2,3,0,Night,Fatal,accident_reports,B20260305T000843Z,2026-03-05T00:08:43+00:00,730147ca036a0b2e,2026-02-07,Qassim,Buraidah,Rural,60,1,Fog,2.2,0.28,13.7
A000196,2026-02-17 13:13:54+00:00,R0011,1,0,0,Day,Moderate,accident_reports,B20260305T000843Z,2026-03-05T00:08:43+00:00,7cb54644fe0c1e87,2026-02-17,Eastern,Khobar,Highway,80,3,Clear,9.6,0.15,31.6
A000197,2026-02-20 13:50:33+00:00,R0002,4,0,0,Day,Severe,accident_reports,B20260305T000843Z,2026-03-05T00:08:43+00:00,68ef2231a67abe6c,2026-02-20,Qassim,Buraidah,Highway,60,5,Clear,9.4,0.04,25.6
A000198,2026-02-04 09:25:56+00:00,R0004,4,0,0,Day,Moderate,accident_reports,B20260305T000843Z,2026-03-05T00:08:43+00:00,0d8c2b682efcfd0a,2026-02-04,Riyadh,Riyadh,Highway,140,2,Rain,6.5,2.85,23.5
A000199,2026-02-07 08:34:47+00:00,R0014,6,1,0,Day,Severe,accident_reports,B20260305T000843Z,2026-03-05T00:08:43+00:00,d25d34aaf0b2b18d,2026-02-07,Riyadh,Al Kharj,Highway,100,3,Dust,3.3,0.02,35.1
A000200,2026-02-28 10:48:18+00:00,R0020,5,1,0,Day,Moderate,accident_reports,B20260305T000843Z,2026-03-05T00:08:43+00:00,2307d305795b22d9,2026-02-28,Madinah,Madinah,Highway,140,2,Clear,10.7,0.12,23.5
A000201,2026-02-17 14:53:21+00:00,R0010,2,1,0,Day,Moderate,accident_reports,B20260305T000843Z,2026-03-05T00:08:43+00:00,dfbf4867177f5d43,2026-02-17,Asir,Abha,Urban,60,5,Fog,3.7,0.31,20.5
A000202,2026-02-11 12:37:49+00:00,R0013,4,0,1,Day,Fatal,accident_reports,B20260305T000843Z,2026-03-05T00:08:43+00:00,0e9498cc719c5f4a,2026-02-11,Asir,Abha,Urban,80,2,Clear,10.0,0.0,31.3
A000203,2026-02-04 16:08:17+00:00,R0010,3,0,1,Day,Fatal,accident_reports,B20260305T000843Z,2026-03-05T00:08:43+00:00,ba1137698ec145c8,2026-02-04,Asir,Abha,Urban,60,5,Clear,9.5,0.21,17.1
A000204,2026-02-10 06:01:04+00:00,R0005,3,3,0,Day,Severe,accident_reports,B20260305T000843Z,2026-03-05T00:08:43+00:00,06414bdf5cc1cf43,2026-02-10,Qassim,Buraidah,Highway,80,2,Clear,10.6,0.0,16.8
A000205,2026-02-13 16:55:07+00:00,R0000,5,1,0,Day,Severe,accident_reports,B20260305T000843Z,2026-03-05T00:08:43+00:00,8ae155b1f717605a,2026-02-13,Eastern,Dammam,Urban,80,2,Clear,9.2,0.0,28.2
A000206,2026-02-08 17:38:55+00:00,R0014,3,0,0,Day,Moderate,accident_reports,B20260305T000843Z,2026-03-05T00:08:43+00:00,af10c5b09540063e,2026-02-08,Riyadh,Al Kharj,Highway,100,3,Dust,3.8,0.1,34.8
A000207,2026-03-03 09:00:24+00:00,R0009,3,1,0,Day,Moderate,accident_reports,B20260305T000843Z,2026-03-05T00:08:43+00:00,15401c8fb2497a03,2026-03-03,Qassim,Buraidah,Rural,40,2,Clear,10.5,0.02,24.7
A000208,2026-02-28 14:04:39+00:00,R0006,1,1,0,Day,Moderate,accident_reports,B20260305T000843Z,2026-03-05T00:08:43+00:00,e139e89a4e1e7bec,2026-02-28,Qassim,Buraidah,Urban,60,3,Clear,11.5,0.04,21.9
A000209,2026-03-04 01:10:52+00:00,R0015,4,1,0,Night,Severe,accident_reports,B20260305T000843Z,2026-03-05T00:08:43+00:00,1a10a19565212d5f,2026-03-04,Madinah,Madinah,Highway,60,4,Clear,11.6,0.04,23.1
A000210,2026-02-23 16:52:35+00:00,R0005,2,2,0,Day,Severe,accident_reports,B20260305T000843Z,2026-03-05T00:08:43+00:00,061aa45b27e0d839,2026-02-23,Qassim,Buraidah,Highway,80,2,Clear,8.9,0.12,32.5
A000211,2026-02-11 07:52:21+00:00,R0017,4,0,0,Day,Moderate,accident_reports,B20260305T000843Z,2026-03-05T00:08:43+00:00,114ebb9dbf044360,2026-02-11,Riyadh,Riyadh,Urban,60,2,Clear,11.3,0.03,23.8
A000212,2026-02-27 17:07:35+00:00,R0016,5,0,0,Day,Moderate,accident_reports,B20260305T000843Z,2026-03-05T00:08:43+00:00,13b7537d49575592,2026-02-27,Eastern,Khobar,Rural,60,2,Rain,6.6,1.0,23.7
A000213,2026-02-18 08:36:30+00:00,R0006,2,1,0,Day,Moderate,accident_reports,B20260305T000843Z,2026-03-05T00:08:43+00:00,18971e3d907186c7,2026-02-18,Qassim,Buraidah,Urban,60,3,Clear,10.6,0.0,19.5
A000214,2026-02-12 14:23:41+00:00,R0009,3,2,0,Day,Severe,accident_reports,B20260305T000843Z,2026-03-05T00:08:43+00:00,e86307527c421f08,2026-02-12,Qassim,Buraidah,Rural,40,2,Clear,10.7,0.05,24.9
A000215,2026-02-22 01:16:16+00:00,R0006,2,0,0,Night,Moderate,accident_reports,B20260305T000843Z,2026-03-05T00:08:43+00:00,2051adb9e869b7d2,2026-02-22,Qassim,Buraidah,Urban,60,3,Clear,8.8,0.2,34.6
A000216,2026-02-05 23:02:11+00:00,R0022,4,2,0,Night,Severe,accident_reports,B20260305T000843Z,2026-03-05T00:08:43+00:00,194dca90451d9553,2026-02-05,Asir,Abha,Urban,60,5,Fog,2.7,1.23,27.3
A000217,2026-02-12 19:52:35+00:00,R0000,2,1,0,Night,Severe,accident_reports,B20260305T000843Z,2026-03-05T00:08:43+00:00,561c84ffe0c52025,2026-02-12,Eastern,Dammam,Urban,80,2,Clear,10.2,0.41,31.7
A000218,2026-02-13 00:17:47+00:00,R0021,3,0,0,Night,Moderate,accident_reports,B20260305T000843Z,2026-03-05T00:08:43+00:00,4cabc22f671e1618,2026-02-13,Madinah,Madinah,Highway,100,3,Clear,10.5,0.15,21.9
A000219,2026-03-03 08:56:05+00:00,R0020,2,0,0,Day,Moderate,accident_reports,B20260305T000843Z,2026-03-05T00:08:43+00:00,f49e604d3325570e,2026-03-03,Madinah,Madinah,Highway,140,2,Clear,11.1,0.07,12.6
A000220,2026-02-25 06:19:11+00:00,R0016,2,0,0,Day,Moderate,accident_reports,B20260305T000843Z,2026-03-05T00:08:43+00:00,35a6dea429fc8d25,2026-02-25,Eastern,Khobar,Rural,60,2,Clear,10.2,0.01,34.6
A000221,2026-02-27 03:19:12+00:00,R0023,1,0,0,Night,Moderate,accident_reports,B20260305T000843Z,2026-03-05T00:08:43+00:00,14ca33e47ec644ff,2026-02-27,Riyadh,Riyadh,Urban,60,4,Clear,10.9,0.0,32.7
A000222,2026-02-05 05:56:32+00:00,R0010,2,1,0,Night,Severe,accident_reports,B20260305T000843Z,2026-03-05T00:08:43+00:00,8782ccc2c14cec55,2026-02-05,Asir,Abha,Urban,60,5,Clear,7.9,0.0,24.2
A000223,2026-02-21 11:54:54+00:00,R0006,4,1,0,Day,Severe,accident_reports,B20260305T000843Z,2026-03-05T00:08:43+00:00,6088a98e41162009,2026-02-21,Qassim,Buraidah,Urban,60,3,Dust,4.5,0.34,13.4
A000224,2026-02-08 14:42:17+00:00,R0015,2,1,0,Day,Severe,accident_reports,B20260305T000843Z,2026-03-05T00:08:43+00:00,02620e734c63637d,2026-02-08,Madinah,Madinah,Highway,60,4,Clear,11.0,0.04,15.8
A000225,2026-02-26 16:57:15+00:00,R0014,4,1,0,Day,Severe,accident_reports,B20260305T000843Z,2026-03-05T00:08:43+00:00,a25c254f9b7c3a66,2026-02-26,Riyadh,Al Kharj,Highway,100,3,Clear,10.2,0.0,31.0
A000226,2026-03-03 01:12:19+00:00,R0005,4,0,0,Night,Severe,accident_reports,B20260305T000843Z,2026-03-05T00:08:43+00:00,0fa1921a6cb1250c,2026-03-03,Qassim,Buraidah,Highway,80,2,Clear,6.6,0.44,18.1
A000227,2026-02-20 09:35:42+00:00,R0021,5,1,0,Day,Severe,accident_reports,B20260305T000843Z,2026-03-05T00:08:43+00:00,cdfac805b0b7b843,2026-02-20,Madinah,Madinah,Highway,100,3,Clear,10.4,0.01,18.8
A000228,2026-03-01 14:15:26+00:00,R0017,6,1,0,Day,Severe,accident_reports,B20260305T000843Z,2026-03-05T00:08:43+00:00,7fc7ed50ffe9d601,2026-03-01,Riyadh,Riyadh,Urban,60,2,Dust,1.7,0.15,26.3
A000229,2026-02-06 09:33:52+00:00,R0006,3,0,0,Day,Moderate,accident_reports,B20260305T000843Z,2026-03-05T00:08:43+00:00,a60ca7b58299b3f6,2026-02-06,Qassim,Buraidah,Urban,60,3,Clear,7.9,0.0,35.1
A000230,2026-02-15 00:43:00+00:00,R0010,2,1,1,Night,Fatal,accident_reports,B20260305T000843Z,2026-03-05T00:08:43+00:00,c465d32b6f6b4627,2026-02-15,Asir,Abha,Urban,60,5,Dust,4.8,0.36,16.1
A000231,2026-02-12 07:57:19+00:00,R0011,3,1,0,Day,Moderate,accident_reports,B20260305T000843Z,2026-03-05T00:08:43+00:00,9a4e8c4e044a6954,2026-02-12,Eastern,Khobar,Highway,80,3,Dust,5.1,0.01,29.1
A000232,2026-02-04 16:53:17+00:00,R0001,1,0,0,Day,Moderate,accident_reports,B20260305T000843Z,2026-03-05T00:08:43+00:00,121e855c943a33f4,2026-02-04,Riyadh,Riyadh,Urban,80,2,Clear,9.9,0.02,40.3
A000233,2026-02-14 07:51:20+00:00,R0018,1,1,0,Day,Moderate,accident_reports,B20260305T000843Z,2026-03-05T00:08:43+00:00,8c85da5a245f1b84,2026-02-14,Riyadh,Al Kharj,Rural,80,2,Clear,9.5,0.01,31.6
A000234,2026-02-11 14:42:07+00:00,R0009,2,0,0,Day,Moderate,accident_reports,B20260305T000843Z,2026-03-05T00:08:43+00:00,ac53d2c37a3c1cc0,2026-02-11,Qassim,Buraidah,Rural,40,2,Clear,10.2,0.0,16.2
A000235,2026-02-15 10:14:45+00:00,R0000,3,0,0,Day,Moderate,accident_reports,B20260305T000843Z,2026-03-05T00:08:43+00:00,36766956856527c0,2026-02-15,Eastern,Dammam,Urban,80,2,Clear,10.1,0.06,32.0
A000236,2026-02-05 04:20:11+00:00,R0022,5,0,0,Night,Moderate,accident_reports,B20260305T000843Z,2026-03-05T00:08:43+00:00,58ab964a9a6fcf44,2026-02-05,Asir,Abha,Urban,60,5,Clear,9.4,0.06,25.3
A000237,2026-02-26 13:11:07+00:00,R0015,3,1,0,Day,Moderate,accident_reports,B20260305T000843Z,2026-03-05T00:08:43+00:00,d9b1dbd8602cbfae,2026-02-26,Madinah,Madinah,Highway,60,4,Clear,7.7,0.03,29.2
A000238,2026-02-04 18:36:05+00:00,R0014,2,1,0,Night,Severe,accident_reports,B20260305T000843Z,2026-03-05T00:08:43+00:00,6dad372bac6b8010,2026-02-04,Riyadh,Al Kharj,Highway,100,3,Clear,9.1,0.13,30.7
A000239,2026-03-03 14:55:04+00:00,R0008,3,0,0,Day,Minor,accident_reports,B20260305T000843Z,2026-03-05T00:08:43+00:00,6f63d0fed5986fb0,2026-03-03,Riyadh,Riyadh,Urban,40,2,Clear,10.8,0.02,21.9
A000240,2026-03-04 07:48:23+00:00,R0014,1,1,0,Day,Moderate,accident_reports,B20260305T000843Z,2026-03-05T00:08:43+00:00,6bddd622cfcbd6fe,2026-03-04,Riyadh,Al Kharj,Highway,100,3,Dust,4.7,0.04,22.7
A000241,2026-02-07 07:54:12+00:00,R0012,1,3,0,Day,Severe,accident_reports,B20260305T000843Z,2026-03-05T00:08:43+00:00,ec19baa60b11c03e,2026-02-07,Riyadh,Al Kharj,Rural,60,2,Rain,7.6,2.75,36.2
A000242,2026-02-24 10:44:46+00:00,R0014,1,1,0,Day,Moderate,accident_reports,B20260305T000843Z,2026-03-05T00:08:43+00:00,c33fb159b9333eaa,2026-02-24,Riyadh,Al Kharj,Highway,100,3,Clear,9.9,0.05,31.0
A000243,2026-03-04 09:38:50+00:00,R0023,2,0,0,Day,Moderate,accident_reports,B20260305T000843Z,2026-03-05T00:08:43+00:00,2b223404f6c2b782,2026-03-04,Riyadh,Riyadh,Urban,60,4,Clear,8.3,0.33,23.6
A000244,2026-02-23 10:16:00+00:00,R0009,6,0,0,Day,Moderate,accident_reports,B20260305T000843Z,2026-03-05T00:08:43+00:00,ad372f93ac30eb07,2026-02-23,Qassim,Buraidah,Rural,40,2,Clear,9.8,0.02,28.7
A000245,2026-03-02 12:47:50+00:00,R0002,3,1,0,Day,Moderate,accident_reports,B20260305T000843Z,2026-03-05T00:08:43+00:00,06d5f11690948af1,2026-03-02,Qassim,Buraidah,Highway,60,5,Clear,9.5,0.15,29.3
A000246,2026-03-01 23:14:20+00:00,R0001,5,1,1,Night,Fatal,accident_reports,B20260305T000843Z,2026-03-05T00:08:43+00:00,5e0cabe459c29b30,2026-03-01,Riyadh,Riyadh,Urban,80,2,Clear,11.2,0.0,21.7
A000247,2026-02-03 15:03:27+00:00,R0000,6,2,0,Day,Severe,accident_reports,B20260305T000843Z,2026-03-05T00:08:43+00:00,e458a1300f7d4329,2026-02-03,Eastern,Dammam,Urban,80,2,Clear,10.3,0.04,27.0
A000248,2026-02-04 10:43:10+00:00,R0008,2,0,0,Day,Moderate,accident_reports,B20260305T000843Z,2026-03-05T00:08:43+00:00,57975b851a832720,2026-02-04,Riyadh,Riyadh,Urban,40,2,Clear,8.0,0.0,24.9
A000249,2026-02-25 22:52:23+00:00,R0012,3,1,0,Night,Severe,accident_reports,B20260305T000843Z,2026-03-05T00:08:43+00:00,d871d4f0c17a576b,2026-02-25,Riyadh,Al Kharj,Rural,60,2,Clear,11.0,0.04,27.3
A000250,2026-02-18 13:30:36+00:00,R0008,2,1,0,Day,Severe,accident_reports,B20260305T000843Z,2026-03-05T00:08:43+00:00,4bc2efbeb83e9d16,2026-02-18,Riyadh,Riyadh,Urban,40,2,Dust,3.5,0.65,31.6
A000251,2026-02-21 14:25:45+00:00,R0021,3,2,0,Day,Severe,accident_reports,B20260305T000843Z,2026-03-05T00:08:43+00:00,c5a10e04ea5018bf,2026-02-21,Madinah,Madinah,Highway,100,3,Clear,10.4,0.1,25.6
A000252,2026-02-23 15:20:15+00:00,R0001,5,1,0,Day,Severe,accident_reports,B20260305T000843Z,2026-03-05T00:08:43+00:00,df4cd0e5f42c24fa,2026-02-23,Riyadh,Riyadh,Urban,80,2,Dust,4.5,0.09,34.1
A000253,2026-02-15 13:52:41+00:00,R0007,4,0,0,Day,Severe,accident_reports,B20260305T000843Z,2026-03-05T00:08:43+00:00,d1609bd8326c262a,2026-02-15,Qassim,Buraidah,Rural,60,1,Dust,4.7,0.1,21.4
A000254,2026-03-04 19:45:25+00:00,R0000,3,0,0,Night,Moderate,accident_reports,B20260305T000843Z,2026-03-05T00:08:43+00:00,4cf583c497d3aa88,2026-03-04,Eastern,Dammam,Urban,80,2,Rain,5.0,2.74,32.4
A000255,2026-02-17 22:01:58+00:00,R0015,4,1,0,Night,Severe,accident_reports,B20260305T000843Z,2026-03-05T00:08:43+00:00,f75c8edc09f28e53,2026-02-17,Madinah,Madinah,Highway,60,4,Clear,9.4,0.41,26.6
A000256,2026-03-01 01:35:59+00:00,R0007,8,3,0,Night,Fatal,accident_reports,B20260305T000843Z,2026-03-05T00:08:43+00:00,181fc6787eefc6e3,2026-03-01,Qassim,Buraidah,Rural,60,1,Clear,9.6,0.01,23.5
A000257,2026-02-12 20:26:23+00:00,R0016,4,0,0,Night,Moderate,accident_reports,B20260305T000843Z,2026-03-05T00:08:43+00:00,c8f8006dede63a8a,2026-02-12,Eastern,Khobar,Rural,60,2,Clear,10.9,0.08,13.7
A000258,2026-03-01 22:49:06+00:00,R0003,5,1,1,Night,Fatal,accident_reports,B20260305T000843Z,2026-03-05T00:08:43+00:00,4894ab52f9d99d80,2026-03-01,Madinah,Madinah,Highway,60,5,Clear,9.1,0.01,27.6
A000259,2026-02-20 01:17:45+00:00,R0014,1,1,0,Night,Severe,accident_reports,B20260305T000843Z,2026-03-05T00:08:43+00:00,add4760455094a7c,2026-02-20,Riyadh,Al Kharj,Highway,100,3,Dust,4.8,0.05,39.9
A000260,2026-02-20 17:56:01+00:00,R0012,4,0,0,Day,Severe,accident_reports,B20260305T000843Z,2026-03-05T00:08:43+00:00,09b5723bff714721,2026-02-20,Riyadh,Al Kharj,Rural,60,2,Dust,3.5,0.02,25.6
A000261,2026-02-23 12:06:38+00:00,R0001,1,1,0,Day,Severe,accident_reports,B20260305T000843Z,2026-03-05T00:08:43+00:00,2bafcd7db0be4b40,2026-02-23,Riyadh,Riyadh,Urban,80,2,Rain,5.5,4.57,26.1
A000262,2026-03-02 02:53:14+00:00,R0004,3,0,0,Night,Moderate,accident_reports,B20260305T000843Z,2026-03-05T00:08:43+00:00,41c90361ba78f8b4,2026-03-02,Riyadh,Riyadh,Highway,140,2,Clear,9.9,0.09,24.9
A000263,2026-02-08 00:03:18+00:00,R0020,3,2,0,Night,Severe,accident_reports,B20260305T000843Z,2026-03-05T00:08:43+00:00,28f9b2f23d504696,2026-02-08,Madinah,Madinah,Highway,140,2,Dust,4.2,0.16,12.0
A000264,2026-03-01 04:13:02+00:00,R0014,5,3,0,Night,Severe,accident_reports,B20260305T000843Z,2026-03-05T00:08:43+00:00,e5e7b020cadc8193,2026-03-01,Riyadh,Al Kharj,Highway,100,3,Clear,9.7,0.01,29.7
A000265,2026-02-19 14:35:48+00:00,R0019,2,1,1,Day,Fatal,accident_reports,B20260305T000843Z,2026-03-05T00:08:43+00:00,cbca62f7b5fafcbf,2026-02-19,Eastern,Khobar,Rural,60,1,Clear,9.9,0.05,33.0
A000266,2026-02-06 15:56:17+00:00,R0020,1,1,0,Day,Moderate,accident_reports,B20260305T000843Z,2026-03-05T00:08:43+00:00,32f6e5d63d75c3ca,2026-02-06,Madinah,Madinah,Highway,140,2,Clear,9.6,0.07,24.6
A000267,2026-02-06 23:38:48+00:00,R0010,3,0,0,Night,Severe,accident_reports,B20260305T000843Z,2026-03-05T00:08:43+00:00,cd52cd868c7e12b9,2026-02-06,Asir,Abha,Urban,60,5,Clear,10.8,0.0,23.4
A000268,2026-03-01 16:12:17+00:00,R0001,5,1,0,Day,Severe,accident_reports,B20260305T000843Z,2026-03-05T00:08:43+00:00,bb8fb58f95524aa4,2026-03-01,Riyadh,Riyadh,Urban,80,2,Clear,10.1,0.11,25.3
A000269,2026-02-08 15:57:18+00:00,R0003,5,1,0,Day,Severe,accident_reports,B20260305T000843Z,2026-03-05T00:08:43+00:00,b69ddde85635308a,2026-02-08,Madinah,Madinah,Highway,60,5,Dust,5.2,0.1,34.0
A000270,2026-02-22 20:12:04+00:00,R0023,4,0,0,Night,Moderate,accident_reports,B20260305T000843Z,2026-03-05T00:08:43+00:00,3ff9424a259bc4b4,2026-02-22,Riyadh,Riyadh,Urban,60,4,Clear,10.6,0.1,28.3
A000271,2026-02-21 00:30:30+00:00,R0015,3,1,0,Night,Severe,accident_reports,B20260305T000843Z,2026-03-05T00:08:43+00:00,28a44ebea53b359a,2026-02-21,Madinah,Madinah,Highway,60,4,Dust,4.4,0.0,26.7
A000272,2026-02-25 10:03:59+00:00,R0023,5,0,0,Day,Moderate,accident_reports,B20260305T000843Z,2026-03-05T00:08:43+00:00,d54183acc6107f7a,2026-02-25,Riyadh,Riyadh,Urban,60,4,Rain,6.7,0.69,31.2
A000273,2026-02-10 18:45:32+00:00,R0020,1,0,0,Night,Moderate,accident_reports,B20260305T000843Z,2026-03-05T00:08:43+00:00,1ec53ac39e789af3,2026-02-10,Madinah,Madinah,Highway,140,2,Clear,8.7,0.24,30.8
A000274,2026-02-10 01:39:59+00:00,R0000,3,2,0,Night,Severe,accident_reports,B20260305T000843Z,2026-03-05T00:08:43+00:00,67a6e21936a1e431,2026-02-10,Eastern,Dammam,Urban,80,2,Dust,5.5,0.0,34.5
A000275,2026-02-05 11:20:45+00:00,R0011,3,0,0,Day,Moderate,accident_reports,B20260305T000843Z,2026-03-05T00:08:43+00:00,8849c4b4aef07a3e,2026-02-05,Eastern,Khobar,Highway,80,3,Clear,10.2,0.05,33.0
A000276,2026-02-27 17:29:15+00:00,R0012,6,0,0,Day,Severe,accident_reports,B20260305T000843Z,2026-03-05T00:08:43+00:00,0d86181d21e7dd95,2026-02-27,Riyadh,Al Kharj,Rural,60,2,Clear,10.8,0.2,24.4
A000277,2026-02-06 20:26:09+00:00,R0008,1,0,0,Night,Moderate,accident_reports,B20260305T000843Z,2026-03-05T00:08:43+00:00,8ca6fbd8937b5a58,2026-02-06,Riyadh,Riyadh,Urban,40,2,Dust,3.7,0.03,32.9
A000278,2026-02-28 10:54:33+00:00,R0004,3,0,0,Day,Moderate,accident_reports,B20260305T000843Z,2026-03-05T00:08:43+00:00,2e54991f641f0769,2026-02-28,Riyadh,Riyadh,Highway,140,2,Clear,8.8,0.01,33.3
A000279,2026-02-17 15:15:06+00:00,R0003,2,1,0,Day,Moderate,accident_reports,B20260305T000843Z,2026-03-05T00:08:43+00:00,e876fbde341af65d,2026-02-17,Madinah,Madinah,Highway,60,5,Clear,10.6,0.0,17.5
A000280,2026-02-27 02:30:48+00:00,R0007,4,2,0,Night,Fatal,accident_reports,B20260305T000843Z,2026-03-05T00:08:43+00:00,64bdf320d5bfe4d3,2026-02-27,Qassim,Buraidah,Rural,60,1,Clear,10.2,0.06,23.4
A000281,2026-02-10 09:04:07+00:00,R0019,2,0,0,Day,Minor,accident_reports,B20260305T000843Z,2026-03-05T00:08:43+00:00,f4a24a1469c2269f,2026-02-10,Eastern,Khobar,Rural,60,1,Rain,6.1,0.63,33.0
A000282,2026-02-28 15:39:13+00:00,R0006,2,0,0,Day,Moderate,accident_reports,B20260305T000843Z,2026-03-05T00:08:43+00:00,e9e99dcbb6c727e4,2026-02-28,Qassim,Buraidah,Urban,60,3,Clear,10.6,0.0,19.7
A000283,2026-02-11 11:56:51+00:00,R0015,3,0,0,Day,Moderate,accident_reports,B20260305T000843Z,2026-03-05T00:08:43+00:00,4208102a677f6155,2026-02-11,Madinah,Madinah,Highway,60,4,Clear,10.8,0.01,17.7
A000284,2026-02-07 20:28:06+00:00,R0012,3,2,0,Night,Fatal,accident_reports,B20260305T000843Z,2026-03-05T00:08:43+00:00,efd86ea1c2426023,2026-02-07,Riyadh,Al Kharj,Rural,60,2,Clear,9.8,0.03,25.5
A000285,2026-02-12 10:01:30+00:00,R0011,2,0,0,Day,Moderate,accident_reports,B20260305T000843Z,2026-03-05T00:08:43+00:00,3e44c7170c44022f,2026-02-12,Eastern,Khobar,Highway,80,3,Clear,11.9,0.02,24.1
A000286,2026-02-12 02:06:14+00:00,R0012,4,0,0,Night,Severe,accident_reports,B20260305T000843Z,2026-03-05T00:08:43+00:00,86ccb8e7ec55a13b,2026-02-12,Riyadh,Al Kharj,Rural,60,2,Clear,10.2,0.0,21.0
A000287,2026-02-28 13:06:21+00:00,R0000,6,1,0,Day,Severe,accident_reports,B20260305T000843Z,2026-03-05T00:08:43+00:00,88a65e159c3acaf7,2026-02-28,Eastern,Dammam,Urban,80,2,Rain,8.4,0.52,19.6
A000288,2026-02-25 06:17:04+00:00,R0004,3,1,0,Day,Severe,accident_reports,B20260305T000843Z,2026-03-05T00:08:43+00:00,d98f3eb2ebdbd111,2026-02-25,Riyadh,Riyadh,Highway,140,2,Clear,9.1,0.01,24.1
A000289,2026-02-19 10:46:10+00:00,R0009,4,0,0,Day,Moderate,accident_reports,B20260305T000843Z,2026-03-05T00:08:43+00:00,e9c29f98f9365ca7,2026-02-19,Qassim,Buraidah,Rural,40,2,Clear,11.4,0.02,23.3
A000290,2026-02-23 13:37:58+00:00,R0018,1,0,0,Day,Minor,accident_reports,B20260305T000843Z,2026-03-05T00:08:43+00:00,f183c7141a36f61b,2026-02-23,Riyadh,Al Kharj,Rural,80,2,Clear,9.8,0.0,35.8
A000291,2026-02-25 16:51:20+00:00,R0003,2,0,0,Day,Moderate,accident_reports,B20260305T000843Z,2026-03-05T00:08:43+00:00,10ca4afd3f0928c9,2026-02-25,Madinah,Madinah,Highway,60,5,Clear,12.0,0.0,32.3
A000292,2026-03-04 15:10:52+00:00,R0007,3,0,0,Day,Severe,accident_reports,B20260305T000843Z,2026-03-05T00:08:43+00:00,228fb076f2814e99,2026-03-04,Qassim,Buraidah,Rural,60,1,Clear,11.0,0.2,28.5
A000293,2026-02-22 10:53:19+00:00,R0002,1,0,0,Day,Moderate,accident_reports,B20260305T000843Z,2026-03-05T00:08:43+00:00,5c2635ec6f857fd0,2026-02-22,Qassim,Buraidah,Highway,60,5,Dust,4.3,0.12,22.8
A000294,2026-02-18 08:41:34+00:00,R0023,1,2,0,Day,Severe,accident_reports,B20260305T000843Z,2026-03-05T00:08:43+00:00,d9e326380d4c3b20,2026-02-18,Riyadh,Riyadh,Urban,60,4,Dust,3.9,0.07,45.1
A000295,2026-02-20 23:15:28+00:00,R0014,3,1,0,Night,Severe,accident_reports,B20260305T000843Z,2026-03-05T00:08:43+00:00,820423a51e8e6066,2026-02-20,Riyadh,Al Kharj,Highway,100,3,Clear,9.8,0.16,34.7
A000296,2026-02-11 10:06:38+00:00,R0001,3,2,0,Day,Severe,accident_reports,B20260305T000843Z,2026-03-05T00:08:43+00:00,9879019b65625a9d,2026-02-11,Riyadh,Riyadh,Urban,80,2,Clear,9.6,0.01,20.7
A000297,2026-02-03 10:36:17+00:00,R0004,7,1,0,Day,Severe,accident_reports,B20260305T000843Z,2026-03-05T00:08:43+00:00,08af00e295894c89,2026-02-03,Riyadh,Riyadh,Highway,140,2,Fog,4.2,0.77,16.7
A000298,2026-02-12 23:18:37+00:00,R0015,4,0,0,Night,Severe,accident_reports,B20260305T000843Z,2026-03-05T00:08:43+00:00,6bbda587c65a2347,2026-02-12,Madinah,Madinah,Highway,60,4,Clear,8.6,0.08,20.1
A000299,2026-02-13 09:39:14+00:00,R0007,4,0,1,Day,Fatal,accident_reports,B20260305T000843Z,2026-03-05T00:08:43+00:00,ed30bad0324ef321,2026-02-13,Qassim,Buraidah,Rural,60,1,Clear,9.7,0.08,31.7
A000300,2026-02-21 08:35:14+00:00,R0004,3,1,0,Day,Moderate,accident_reports,B20260305T000843Z,2026-03-05T00:08:43+00:00,7b3a4d3923d3d19d,2026-02-21,Riyadh,Riyadh,Highway,140,2,Rain,7.3,3.28,17.9
A000301,2026-02-26 02:05:57+00:00,R0004,4,2,0,Night,Fatal,accident_reports,B20260305T000843Z,2026-03-05T00:08:43+00:00,7e533b4cef36d4dd,2026-02-26,Riyadh,Riyadh,Highway,140,2,Clear,10.5,0.04,33.0
A000302,2026-02-08 19:39:54+00:00,R0011,4,0,0,Night,Severe,accident_reports,B20260305T000843Z,2026-03-05T00:08:43+00:00,1cdc864ff93b3a57,2026-02-08,Eastern,Khobar,Highway,80,3,Rain,8.8,2.14,27.0
A000303,2026-02-16 23:08:37+00:00,R0006,1,1,1,Night,Fatal,accident_reports,B20260305T000843Z,2026-03-05T00:08:43+00:00,70d78800eb143edc,2026-02-16,Qassim,Buraidah,Urban,60,3,Clear,10.4,0.03,18.4
A000304,2026-03-02 16:38:24+00:00,R0001,3,0,0,Day,Severe,accident_reports,B20260305T000843Z,2026-03-05T00:08:43+00:00,d899e7c7002da1ff,2026-03-02,Riyadh,Riyadh,Urban,80,2,Clear,10.2,0.02,37.4
A000305,2026-02-09 03:40:08+00:00,R0017,4,2,0,Night,Severe,accident_reports,B20260305T000843Z,2026-03-05T00:08:43+00:00,1e7f2bc1bde2afe6,2026-02-09,Riyadh,Riyadh,Urban,60,2,Clear,8.6,0.02,32.4
A000306,2026-02-25 11:45:42+00:00,R0009,3,1,0,Day,Moderate,accident_reports,B20260305T000843Z,2026-03-05T00:08:43+00:00,d4438a8cf49c65c0,2026-02-25,Qassim,Buraidah,Rural,40,2,Dust,4.0,0.0,29.2
A000307,2026-02-22 17:42:28+00:00,R0009,3,1,0,Day,Severe,accident_reports,B20260305T000843Z,2026-03-05T00:08:43+00:00,87141a2a15723618,2026-02-22,Qassim,Buraidah,Rural,40,2,Dust,4.3,0.02,19.7
A000308,2026-02-05 13:59:37+00:00,R0019,3,0,0,Day,Moderate,accident_reports,B20260305T000843Z,2026-03-05T00:08:43+00:00,09dfd1bcb9dd35d7,2026-02-05,Eastern,Khobar,Rural,60,1,Dust,4.8,0.0,35.2
A000309,2026-02-07 05:40:10+00:00,R0010,2,0,0,Night,Severe,accident_reports,B20260305T000843Z,2026-03-05T00:08:43+00:00,a180c431b5e2981c,2026-02-07,Asir,Abha,Urban,60,5,Clear,8.4,0.02,21.2
A000310,2026-02-21 08:43:37+00:00,R0002,4,0,0,Day,Moderate,accident_reports,B20260305T000843Z,2026-03-05T00:08:43+00:00,77d70b05524c4851,2026-02-21,Qassim,Buraidah,Highway,60,5,Clear,10.5,0.06,25.9
A000311,2026-03-03 18:49:16+00:00,R0013,3,2,0,Night,Severe,accident_reports,B20260305T000843Z,2026-03-05T00:08:43+00:00,8628c9648471c395,2026-03-03,Asir,Abha,Urban,80,2,Dust,4.8,0.06,24.7
A000312,2026-02-19 11:00:13+00:00,R0017,6,0,0,Day,Moderate,accident_reports,B20260305T000843Z,2026-03-05T00:08:43+00:00,ba7123dba2d3318b,2026-02-19,Riyadh,Riyadh,Urban,60,2,Dust,4.6,0.01,36.4
A000313,2026-02-20 03:29:05+00:00,R0019,3,0,0,Night,Moderate,accident_reports,B20260305T000843Z,2026-03-05T00:08:43+00:00,2ec1e32bd5edd50a,2026-02-20,Eastern,Khobar,Rural,60,1,Clear,10.6,0.13,38.7
A000314,2026-02-14 16:04:20+00:00,R0011,3,1,0,Day,Severe,accident_reports,B20260305T000843Z,2026-03-05T00:08:43+00:00,6dc0051471636c75,2026-02-14,Eastern,Khobar,Highway,80,3,Clear,11.6,0.04,29.5
A000315,2026-02-20 16:01:40+00:00,R0012,6,0,0,Day,Moderate,accident_reports,B20260305T000843Z,2026-03-05T00:08:43+00:00,0fb7ac10926ba306,2026-02-20,Riyadh,Al Kharj,Rural,60,2,Clear,9.4,0.0,26.7
A000316,2026-02-09 14:21:56+00:00,R0019,3,1,0,Day,Moderate,accident_reports,B20260305T000843Z,2026-03-05T00:08:43+00:00,7458cf6c4e01749f,2026-02-09,Eastern,Khobar,Rural,60,1,Clear,8.1,0.01,32.1
A000317,2026-03-03 12:39:52+00:00,R0009,6,1,0,Day,Severe,accident_reports,B20260305T000843Z,2026-03-05T00:08:43+00:00,d1a241ea39885f70,2026-03-03,Qassim,Buraidah,Rural,40,2,Clear,7.7,0.19,19.3
A000318,2026-02-18 20:57:00+00:00,R0000,1,2,0,Night,Severe,accident_reports,B20260305T000843Z,2026-03-05T00:08:43+00:00,6b8cb610034d3231,2026-02-18,Eastern,Dammam,Urban,80,2,Clear,11.1,0.08,28.5
A000319,2026-02-21 03:13:35+00:00,R0004,3,0,0,Night,Moderate,accident_reports,B20260305T000843Z,2026-03-05T00:08:43+00:00,6b7aded4a63e050d,2026-02-21,Riyadh,Riyadh,Highway,140,2,Fog,1.6,0.16,26.9
A000320,2026-02-09 17:59:26+00:00,R0021,4,1,1,Day,Fatal,accident_reports,B20260305T000843Z,2026-03-05T00:08:43+00:00,96c8fa2bcbf96ae6,2026-02-09,Madinah,Madinah,Highway,100,3,Clear,9.3,0.01,27.7
A000321,2026-02-20 11:33:50+00:00,R0020,4,0,0,Day,Moderate,accident_reports,B20260305T000843Z,2026-03-05T00:08:43+00:00,af96e7e7c30b080d,2026-02-20,Madinah,Madinah,Highway,140,2,Clear,10.6,0.08,15.5
A000322,2026-02-03 20:27:57+00:00,R0001,3,1,0,Night,Severe,accident_reports,B20260305T000843Z,2026-03-05T00:08:43+00:00,70b584a011c66d13,2026-02-03,Riyadh,Riyadh,Urban,80,2,Fog,2.7,1.7,33.9
A000323,2026-02-06 09:03:52+00:00,R0000,1,1,0,Day,Moderate,accident_reports,B20260305T000843Z,2026-03-05T00:08:43+00:00,927b625aefcf315a,2026-02-06,Eastern,Dammam,Urban,80,2,Clear,9.9,0.09,32.1
A000324,2026-02-28 07:11:30+00:00,R0004,2,2,1,Day,Fatal,accident_reports,B20260305T000843Z,2026-03-05T00:08:43+00:00,5b0ab814d12a3a2c,2026-02-28,Riyadh,Riyadh,Highway,140,2,Dust,5.9,0.0,39.0
A000325,2026-02-20 11:00:37+00:00,R0021,5,1,0,Day,Severe,accident_reports,B20260305T000843Z,2026-03-05T00:08:43+00:00,a43d8b9e5d3880bc,2026-02-20,Madinah,Madinah,Highway,100,3,Clear,10.6,0.08,15.5
A000326,2026-03-04 01:38:09+00:00,R0010,2,0,0,Night,Severe,accident_reports,B20260305T000843Z,2026-03-05T00:08:43+00:00,1c8206f85e83f140,2026-03-04,Asir,Abha,Urban,60,5,Rain,5.0,1.03,26.4
A000327,2026-02-28 13:56:22+00:00,R0019,5,0,0,Day,Moderate,accident_reports,B20260305T000843Z,2026-03-05T00:08:43+00:00,f7fd69df38fd29f2,2026-02-28,Eastern,Khobar,Rural,60,1,Fog,1.8,0.13,28.5
A000328,2026-02-05 16:35:04+00:00,R0014,6,1,0,Day,Severe,accident_reports,B20260305T000843Z,2026-03-05T00:08:43+00:00,0ae6b54cba32376a,2026-02-05,Riyadh,Al Kharj,Highway,100,3,Clear,8.6,0.02,28.4
A000329,2026-03-03 11:47:14+00:00,R0002,3,1,0,Day,Moderate,accident_reports,B20260305T000843Z,2026-03-05T00:08:43+00:00,cb8d98ad65fe363b,2026-03-03,Qassim,Buraidah,Highway,60,5,Clear,10.2,0.01,23.8
A000330,2026-02-07 08:45:14+00:00,R0007,5,4,0,Day,Fatal,accident_reports,B20260305T000843Z,2026-03-05T00:08:43+00:00,f1bf41f906551401,2026-02-07,Qassim,Buraidah,Rural,60,1,Clear,8.8,0.0,19.5
A000331,2026-02-14 21:44:23+00:00,R0016,5,0,0,Night,Moderate,accident_reports,B20260305T000843Z,2026-03-05T00:08:43+00:00,3090551d192dd8a9,2026-02-14,Eastern,Khobar,Rural,60,2,Clear,9.4,0.18,32.1
A000332,2026-02-13 00:18:02+00:00,R0023,1,0,0,Night,Moderate,accident_reports,B20260305T000843Z,2026-03-05T00:08:43+00:00,a612261964e10842,2026-02-13,Riyadh,Riyadh,Urban,60,4,Dust,4.0,0.0,28.9
A000333,2026-02-15 15:22:23+00:00,R0002,2,1,1,Day,Fatal,accident_reports,B20260305T000843Z,2026-03-05T00:08:43+00:00,e225ad8f90615da0,2026-02-15,Qassim,Buraidah,Highway,60,5,Dust,5.4,0.1,22.5
A000334,2026-03-01 17:05:21+00:00,R0002,5,0,0,Day,Severe,accident_reports,B20260305T000843Z,2026-03-05T00:08:43+00:00,8e3cb7837d353992,2026-03-01,Qassim,Buraidah,Highway,60,5,Clear,9.8,0.21,12.4
A000335,2026-02-16 14:11:41+00:00,R0021,2,2,0,Day,Severe,accident_reports,B20260305T000843Z,2026-03-05T00:08:43+00:00,3f8076ced79646a1,2026-02-16,Madinah,Madinah,Highway,100,3,Clear,11.9,0.0,19.4
A000336,2026-02-05 02:18:02+00:00,R0015,3,1,0,Night,Severe,accident_reports,B20260305T000843Z,2026-03-05T00:08:43+00:00,0bf9f4653f6f077c,2026-02-05,Madinah,Madinah,Highway,60,4,Clear,9.5,0.18,25.4
A000337,2026-02-16 17:51:19+00:00,R0016,5,0,0,Day,Moderate,accident_reports,B20260305T000843Z,2026-03-05T00:08:43+00:00,2eb70ef22e2b9a41,2026-02-16,Eastern,Khobar,Rural,60,2,Fog,3.0,0.01,32.7
A000338,2026-03-02 13:02:03+00:00,R0023,5,1,0,Day,Severe,accident_reports,B20260305T000843Z,2026-03-05T00:08:43+00:00,24c3f74b5f90066e,2026-03-02,Riyadh,Riyadh,Urban,60,4,Clear,10.7,0.01,28.6
A000339,2026-02-27 12:51:53+00:00,R0023,6,0,0,Day,Moderate,accident_reports,B20260305T000843Z,2026-03-05T00:08:43+00:00,7803d3a370120f99,2026-02-27,Riyadh,Riyadh,Urban,60,4,Clear,10.1,0.08,25.5
A000340,2026-02-13 23:38:09+00:00,R0014,2,1,0,Night,Severe,accident_reports,B20260305T000843Z,2026-03-05T00:08:43+00:00,b571ae4d5e37f693,2026-02-13,Riyadh,Al Kharj,Highway,100,3,Clear,10.1,0.1,47.9
A000341,2026-02-04 04:11:24+00:00,R0021,4,0,0,Night,Moderate,accident_reports,B20260305T000843Z,2026-03-05T00:08:43+00:00,694cdca39b75ebee,2026-02-04,Madinah,Madinah,Highway,100,3,Clear,10.8,0.01,23.3
A000342,2026-02-05 22:45:04+00:00,R0014,2,0,1,Night,Fatal,accident_reports,B20260305T000843Z,2026-03-05T00:08:43+00:00,0bbc4c3b7673d3b8,2026-02-05,Riyadh,Al Kharj,Highway,100,3,Dust,3.9,0.01,32.1
A000343,2026-02-17 11:58:36+00:00,R0007,6,2,0,Day,Fatal,accident_reports,B20260305T000843Z,2026-03-05T00:08:43+00:00,79b78d6b63ca6c2e,2026-02-17,Qassim,Buraidah,Rural,60,1,Clear,11.8,0.09,23.4
A000344,2026-02-26 09:55:54+00:00,R0004,5,0,0,Day,Moderate,accident_reports,B20260305T000843Z,2026-03-05T00:08:43+00:00,0508f3c6978e50e1,2026-02-26,Riyadh,Riyadh,Highway,140,2,Clear,9.9,0.09,32.6
A000345,2026-02-23 15:09:53+00:00,R0018,4,0,0,Day,Minor,accident_reports,B20260305T000843Z,2026-03-05T00:08:43+00:00,5e11dc9d9cf3bc99,2026-02-23,Riyadh,Al Kharj,Rural,80,2,Clear,8.3,0.01,38.4
A000346,2026-02-24 11:06:58+00:00,R0020,3,2,0,Day,Severe,accident_reports,B20260305T000843Z,2026-03-05T00:08:43+00:00,2db1a7cc035b4aa4,2026-02-24,Madinah,Madinah,Highway,140,2,Clear,9.8,0.12,17.8
A000347,2026-02-07 12:46:58+00:00,R0007,2,0,0,Day,Severe,accident_reports,B20260305T000843Z,2026-03-05T00:08:43+00:00,0cec29c688029341,2026-02-07,Qassim,Buraidah,Rural,60,1,Clear,8.8,0.33,31.5
A000348,2026-02-21 02:14:52+00:00,R0002,1,0,0,Night,Moderate,accident_reports,B20260305T000843Z,2026-03-05T00:08:43+00:00,5e043a7b0b21f235,2026-02-21,Qassim,Buraidah,Highway,60,5,Clear,8.2,0.02,26.9
A000349,2026-02-18 20:44:22+00:00,R0017,4,1,0,Night,Severe,accident_reports,B20260305T000843Z,2026-03-05T00:08:43+00:00,1f2568a6dfb0a03d,2026-02-18,Riyadh,Riyadh,Urban,60,2,Clear,9.3,0.04,32.4
A000350,2026-02-07 18:29:49+00:00,R0002,2,1,0,Night,Severe,accident_reports,B20260305T000843Z,2026-03-05T00:08:43+00:00,95f003643fd7b5ed,2026-02-07,Qassim,Buraidah,Highway,60,5,Dust,5.3,0.04,26.6
A000351,2026-02-07 11:03:57+00:00,R0005,3,1,0,Day,Severe,accident_reports,B20260305T000843Z,2026-03-05T00:08:43+00:00,c8cf6712aa3a6089,2026-02-07,Qassim,Buraidah,Highway,80,2,Clear,11.1,0.05,25.0
A000352,2026-02-14 10:48:54+00:00,R0009,6,0,0,Day,Moderate,accident_reports,B20260305T000843Z,2026-03-05T00:08:43+00:00,9cd3bbe6102edc6a,2026-02-14,Qassim,Buraidah,Rural,40,2,Clear,10.1,0.04,27.0
A000353,2026-02-14 19:28:27+00:00,R0012,7,1,0,Night,Fatal,accident_reports,B20260305T000843Z,2026-03-05T00:08:43+00:00,cc881de623f735c4,2026-02-14,Riyadh,Al Kharj,Rural,60,2,Clear,10.5,0.13,26.3
A000354,2026-02-05 10:15:09+00:00,R0012,5,1,0,Day,Severe,accident_reports,B20260305T000843Z,2026-03-05T00:08:43+00:00,44c24f4329c2d1b2,2026-02-05,Riyadh,Al Kharj,Rural,60,2,Clear,8.0,0.01,34.2
A000355,2026-02-25 04:04:56+00:00,R0004,3,0,0,Night,Severe,accident_reports,B20260305T000843Z,2026-03-05T00:08:43+00:00,d5dd88f4513f9114,2026-02-25,Riyadh,Riyadh,Highway,140,2,Fog,2.7,0.42,24.2
A000356,2026-02-21 00:08:13+00:00,R0003,4,1,0,Night,Severe,accident_reports,B20260305T000843Z,2026-03-05T00:08:43+00:00,5aa6b579a754f501,2026-02-21,Madinah,Madinah,Highway,60,5,Dust,4.4,0.0,26.7
A000357,2026-02-09 17:14:36+00:00,R0010,4,1,0,Day,Severe,accident_reports,B20260305T000843Z,2026-03-05T00:08:43+00:00,566827794895a39f,2026-02-09,Asir,Abha,Urban,60,5,Clear,10.5,0.02,17.0
A000358,2026-02-24 12:37:04+00:00,R0020,1,0,0,Day,Moderate,accident_reports,B20260305T000843Z,2026-03-05T00:08:43+00:00,04aa49dc2b70cefb,2026-02-24,Madinah,Madinah,Highway,140,2,Clear,9.6,0.12,21.4
A000359,2026-02-19 10:07:33+00:00,R0000,8,0,0,Day,Moderate,accident_reports,B20260305T000843Z,2026-03-05T00:08:43+00:00,3d447e67d83dbc8b,2026-02-19,Eastern,Dammam,Urban,80,2,Clear,10.5,0.17,29.5
A000360,2026-03-03 05:29:45+00:00,R0013,4,1,0,Night,Severe,accident_reports,B20260305T000843Z,2026-03-05T00:08:43+00:00,6ceec76e45fb90d1,2026-03-03,Asir,Abha,Urban,80,2,Dust,3.4,0.01,26.7
A000361,2026-02-12 03:09:14+00:00,R0018,2,0,0,Night,Moderate,accident_reports,B20260305T000843Z,2026-03-05T00:08:43+00:00,e56f493e11cdb62d,2026-02-12,Riyadh,Al Kharj,Rural,80,2,Clear,9.2,0.17,40.5
A000362,2026-02-10 02:11:57+00:00,R0023,3,3,0,Night,Fatal,accident_reports,B20260305T000843Z,2026-03-05T00:08:43+00:00,1587e1ed02877d61,2026-02-10,Riyadh,Riyadh,Urban,60,4,Clear,10.0,0.07,23.8
A000363,2026-02-25 04:54:30+00:00,R0003,3,0,0,Night,Moderate,accident_reports,B20260305T000843Z,2026-03-05T00:08:43+00:00,6fb376ed7088e7ce,2026-02-25,Madinah,Madinah,Highway,60,5,Clear,11.7,0.03,19.7
A000364,2026-02-26 16:14:37+00:00,R0007,2,1,1,Day,Fatal,accident_reports,B20260305T000843Z,2026-03-05T00:08:43+00:00,d8caee184dc48e76,2026-02-26,Qassim,Buraidah,Rural,60,1,Clear,11.3,0.01,20.3
A000365,2026-02-08 09:18:46+00:00,R0000,5,1,0,Day,Severe,accident_reports,B20260305T000843Z,2026-03-05T00:08:43+00:00,496cd96c82c99260,2026-02-08,Eastern,Dammam,Urban,80,2,Dust,6.5,0.19,38.1
A000366,2026-02-08 06:45:54+00:00,R0001,2,0,0,Day,Moderate,accident_reports,B20260305T000843Z,2026-03-05T00:08:43+00:00,edf8bdfd076f8322,2026-02-08,Riyadh,Riyadh,Urban,80,2,Clear,9.3,0.11,23.3
A000367,2026-02-17 12:07:12+00:00,R0020,2,1,0,Day,Moderate,accident_reports,B20260305T000843Z,2026-03-05T00:08:43+00:00,7a98bc381ad8e65b,2026-02-17,Madinah,Madinah,Highway,140,2,Clear,10.2,0.14,16.0
A000368,2026-02-17 20:21:52+00:00,R0005,3,1,0,Night,Severe,accident_reports,B20260305T000843Z,2026-03-05T00:08:43+00:00,a7cb367156f58032,2026-02-17,Qassim,Buraidah,Highway,80,2,Clear,9.6,0.17,16.5
A000369,2026-03-03 11:53:11+00:00,R0007,4,3,1,Day,Fatal,accident_reports,B20260305T000843Z,2026-03-05T00:08:43+00:00,051ec9b274c4d50f,2026-03-03,Qassim,Buraidah,Rural,60,1,Clear,10.2,0.01,23.8
A000370,2026-02-06 17:53:34+00:00,R0010,3,0,0,Day,Moderate,accident_reports,B20260305T000843Z,2026-03-05T00:08:43+00:00,58d3072aabfee39f,2026-02-06,Asir,Abha,Urban,60,5,Clear,10.6,0.01,20.8
A000371,2026-02-14 00:33:18+00:00,R0023,4,0,0,Night,Severe,accident_reports,B20260305T000843Z,2026-03-05T00:08:43+00:00,b9a9f518da1487b0,2026-02-14,Riyadh,Riyadh,Urban,60,4,Clear,10.6,0.01,25.5
A000372,2026-02-21 23:19:56+00:00,R0004,3,0,0,Night,Moderate,accident_reports,B20260305T000843Z,2026-03-05T00:08:43+00:00,159ff85efc16fa30,2026-02-21,Riyadh,Riyadh,Highway,140,2,Clear,10.1,0.0,32.6
A000373,2026-02-25 09:07:36+00:00,R0005,2,1,0,Day,Moderate,accident_reports,B20260305T000843Z,2026-03-05T00:08:43+00:00,e743b2beb6fad9a6,2026-02-25,Qassim,Buraidah,Highway,80,2,Clear,9.3,0.0,13.5
A000374,2026-03-01 08:09:38+00:00,R0001,1,3,0,Day,Fatal,accident_reports,B20260305T000843Z,2026-03-05T00:08:43+00:00,72f6068e4ca642d8,2026-03-01,Riyadh,Riyadh,Urban,80,2,Clear,7.9,0.02,27.5
A000375,2026-02-08 03:10:34+00:00,R0001,4,0,0,Night,Moderate,accident_reports,B20260305T000843Z,2026-03-05T00:08:43+00:00,47efba021b2d2313,2026-02-08,Riyadh,Riyadh,Urban,80,2,Clear,10.7,0.12,31.3
A000376,2026-02-26 05:53:45+00:00,R0006,3,0,0,Night,Moderate,accident_reports,B20260305T000843Z,2026-03-05T00:08:43+00:00,10f44279505f995c,2026-02-26,Qassim,Buraidah,Urban,60,3,Dust,3.6,0.09,24.8
A000377,2026-02-21 12:17:21+00:00,R0007,3,0,0,Day,Severe,accident_reports,B20260305T000843Z,2026-03-05T00:08:43+00:00,ec2c57498f40c5e2,2026-02-21,Qassim,Buraidah,Rural,60,1,Clear,8.9,0.0,30.9
A000378,2026-02-18 13:39:55+00:00,R0020,5,0,0,Day,Moderate,accident_reports,B20260305T000843Z,2026-03-05T00:08:43+00:00,c63dfd9b603529da,2026-02-18,Madinah,Madinah,Highway,140,2,Rain,7.4,1.65,8.3
A000379,2026-02-12 16:19:55+00:00,R0005,5,0,0,Day,Moderate,accident_reports,B20260305T000843Z,2026-03-05T00:08:43+00:00,1cfab91825c1c138,2026-02-12,Qassim,Buraidah,Highway,80,2,Clear,12.0,0.0,24.4
A000380,2026-02-21 01:20:59+00:00,R0022,2,0,0,Night,Moderate,accident_reports,B20260305T000843Z,2026-03-05T00:08:43+00:00,68e175ec0aaaefa8,2026-02-21,Asir,Abha,Urban,60,5,Clear,10.8,0.03,35.4
A000381,2026-02-11 10:10:50+00:00,R0015,7,1,0,Day,Severe,accident_reports,B20260305T000843Z,2026-03-05T00:08:43+00:00,060eab0c2731affd,2026-02-11,Madinah,Madinah,Highway,60,4,Clear,9.5,0.0,28.4
A000382,2026-02-08 13:57:17+00:00,R0004,2,0,0,Day,Moderate,accident_reports,B20260305T000843Z,2026-03-05T00:08:43+00:00,35ef659a0aabc040,2026-02-08,Riyadh,Riyadh,Highway,140,2,Dust,3.8,0.04,31.1
A000383,2026-02-20 08:59:37+00:00,R0020,2,0,0,Day,Moderate,accident_reports,B20260305T000843Z,2026-03-05T00:08:43+00:00,2606de3e2dd38cdc,2026-02-20,Madinah,Madinah,Highway,140,2,Rain,7.0,2.45,23.9
A000384,2026-02-11 16:53:17+00:00,R0011,5,0,0,Day,Moderate,accident_reports,B20260305T000843Z,2026-03-05T00:08:43+00:00,d3d26ad8f6b97f6e,2026-02-11,Eastern,Khobar,Highway,80,3,Clear,8.9,0.13,35.8
A000385,2026-02-08 11:02:39+00:00,R0005,3,0,0,Day,Moderate,accident_reports,B20260305T000843Z,2026-03-05T00:08:43+00:00,b80a6674dd17d787,2026-02-08,Qassim,Buraidah,Highway,80,2,Rain,8.5,6.72,19.4
A000386,2026-02-26 10:20:52+00:00,R0014,3,1,0,Day,Severe,accident_reports,B20260305T000843Z,2026-03-05T00:08:43+00:00,692a276c2eeb8243,2026-02-26,Riyadh,Al Kharj,Highway,100,3,Clear,8.7,0.03,32.9
A000387,2026-02-23 14:28:15+00:00,R0002,2,0,0,Day,Moderate,accident_reports,B20260305T000843Z,2026-03-05T00:08:43+00:00,388c70229e601b9f,2026-02-23,Qassim,Buraidah,Highway,60,5,Clear,10.5,0.06,18.8
A000388,2026-02-21 07:42:53+00:00,R0022,6,1,0,Day,Severe,accident_reports,B20260305T000843Z,2026-03-05T00:08:43+00:00,c8882d776d8b6037,2026-02-21,Asir,Abha,Urban,60,5,Clear,11.4,0.0,14.2
A000389,2026-02-09 02:07:15+00:00,R0020,6,0,0,Night,Severe,accident_reports,B20260305T000843Z,2026-03-05T00:08:43+00:00,4b450f913c43caab,2026-02-09,Madinah,Madinah,Highway,140,2,Clear,8.5,0.0,20.0
A000390,2026-03-02 07:30:47+00:00,R0019,2,0,0,Day,Minor,accident_reports,B20260305T000843Z,2026-03-05T00:08:43+00:00,f03d8633fe841269,2026-03-02,Eastern,Khobar,Rural,60,1,Clear,9.7,0.02,32.0
A000391,2026-02-12 21:41:53+00:00,R0022,4,0,0,Night,Severe,accident_reports,B20260305T000843Z,2026-03-05T00:08:43+00:00,32f3df9c473ef375,2026-02-12,Asir,Abha,Urban,60,5,Clear,9.6,0.02,18.4
A000392,2026-02-03 23:27:03+00:00,R0002,3,1,0,Night,Severe,accident_reports,B20260305T000843Z,2026-03-05T00:08:43+00:00,27cee38fc553fc05,2026-02-03,Qassim,Buraidah,Highway,60,5,Dust,4.7,0.04,31.3
A000393,2026-02-17 15:25:35+00:00,R0021,2,2,0,Day,Severe,accident_reports,B20260305T000843Z,2026-03-05T00:08:43+00:00,4ec3b5a719f03b7b,2026-02-17,Madinah,Madinah,Highway,100,3,Clear,10.6,0.0,17.5
A000394,2026-02-05 06:26:57+00:00,R0007,6,1,0,Day,Fatal,accident_reports,B20260305T000843Z,2026-03-05T00:08:43+00:00,c983261e2acca662,2026-02-05,Qassim,Buraidah,Rural,60,1,Dust,6.0,0.02,17.6
A000395,2026-02-23 13:22:22+00:00,R0020,3,1,0,Day,Moderate,accident_reports,B20260305T000843Z,2026-03-05T00:08:43+00:00,11459eced9cad2a4,2026-02-23,Madinah,Madinah,Highway,140,2,Clear,10.3,0.0,22.5
A000396,2026-02-10 12:46:57+00:00,R0010,1,1,0,Day,Moderate,accident_reports,B20260305T000843Z,2026-03-05T00:08:43+00:00,0b36bf9f075f2272,2026-02-10,Asir,Abha,Urban,60,5,Clear,10.7,0.0,24.3
A000397,2026-02-28 07:14:48+00:00,R0017,1,0,0,Day,Moderate,accident_reports,B20260305T000843Z,2026-03-05T00:08:43+00:00,988feeace179ef17,2026-02-28,Riyadh,Riyadh,Urban,60,2,Dust,5.9,0.0,39.0
A000398,2026-02-18 02:48:10+00:00,R0001,5,2,0,Night,Fatal,accident_reports,B20260305T000843Z,2026-03-05T00:08:43+00:00,3db7bfad7f06d23f,2026-02-18,Riyadh,Riyadh,Urban,80,2,Clear,10.0,0.08,33.6
A000399,2026-02-21 05:20:14+00:00,R0014,3,0,0,Night,Severe,accident_reports,B20260305T000843Z,2026-03-05T00:08:43+00:00,ed6d9fef63b85c46,2026-02-21,Riyadh,Al Kharj,Highway,100,3,Clear,10.1,0.04,33.7
A000400,2026-02-18 10:02:51+00:00,R0014,6,1,0,Day,Severe,accident_reports,B20260305T000843Z,2026-03-05T00:08:43+00:00,4b961311a54d8908,2026-02-18,Riyadh,Al Kharj,Highway,100,3,Dust,2.2,0.14,32.2
A000401,2026-02-11 19:46:45+00:00,R0021,3,3,0,Night,Severe,accident_reports,B20260305T000843Z,2026-03-05T00:08:43+00:00,2c0c1150e3d0f201,2026-02-11,Madinah,Madinah,Highway,100,3,Clear,9.4,0.02,27.3
A000402,2026-02-10 04:23:48+00:00,R0016,1,0,0,Night,Moderate,accident_reports,B20260305T000843Z,2026-03-05T00:08:43+00:00,31ae4856451bcad1,2026-02-10,Eastern,Khobar,Rural,60,2,Clear,8.2,0.04,30.2
A000403,2026-02-16 04:10:09+00:00,R0008,2,2,0,Night,Severe,accident_reports,B20260305T000843Z,2026-03-05T00:08:43+00:00,a1ab1f57b16875fb,2026-02-16,Riyadh,Riyadh,Urban,40,2,Clear,9.0,0.02,19.6
A000404,2026-02-16 17:46:00+00:00,R0022,3,0,0,Day,Moderate,accident_reports,B20260305T000843Z,2026-03-05T00:08:43+00:00,84265ae75b15dc6e,2026-02-16,Asir,Abha,Urban,60,5,Rain,6.3,6.73,29.9
A000405,2026-03-04 07:27:39+00:00,R0007,4,0,0,Day,Severe,accident_reports,B20260305T000843Z,2026-03-05T00:08:43+00:00,30de49c8e8978709,2026-03-04,Qassim,Buraidah,Rural,60,1,Clear,9.1,0.11,18.3
A000406,2026-02-08 15:13:42+00:00,R0012,3,0,1,Day,Fatal,accident_reports,B20260305T000843Z,2026-03-05T00:08:43+00:00,fc98fee836a72ba4,2026-02-08,Riyadh,Al Kharj,Rural,60,2,Rain,8.4,1.17,33.8
A000407,2026-02-19 10:57:15+00:00,R0008,3,0,0,Day,Moderate,accident_reports,B20260305T000843Z,2026-03-05T00:08:43+00:00,499f68714fb6877e,2026-02-19,Riyadh,Riyadh,Urban,40,2,Clear,9.1,0.06,38.8
A000408,2026-02-14 07:20:35+00:00,R0022,3,1,0,Day,Moderate,accident_reports,B20260305T000843Z,2026-03-05T00:08:43+00:00,8ad53e4a59d4b683,2026-02-14,Asir,Abha,Urban,60,5,Rain,6.7,5.31,25.1
A000409,2026-02-25 05:03:48+00:00,R0008,2,1,0,Night,Severe,accident_reports,B20260305T000843Z,2026-03-05T00:08:43+00:00,6c640176a0c2df5d,2026-02-25,Riyadh,Riyadh,Urban,40,2,Dust,5.3,0.0,28.9
A000410,2026-03-01 07:05:41+00:00,R0012,4,0,0,Day,Severe,accident_reports,B20260305T000843Z,2026-03-05T00:08:43+00:00,aa94b5c1d903301e,2026-03-01,Riyadh,Al Kharj,Rural,60,2,Clear,11.3,0.01,30.1
A000411,2026-02-21 10:58:53+00:00,R0006,2,2,0,Day,Severe,accident_reports,B20260305T000843Z,2026-03-05T00:08:43+00:00,41f1b503c33d846f,2026-02-21,Qassim,Buraidah,Urban,60,3,Clear,9.7,0.03,32.4
A000412,2026-02-23 09:09:47+00:00,R0019,2,0,0,Day,Moderate,accident_reports,B20260305T000843Z,2026-03-05T00:08:43+00:00,76b4b762d682ad1f,2026-02-23,Eastern,Khobar,Rural,60,1,Clear,9.8,0.15,34.3
A000413,2026-02-14 06:32:03+00:00,R0010,3,0,0,Day,Moderate,accident_reports,B20260305T000843Z,2026-03-05T00:08:43+00:00,b158023b9e1ab7a1,2026-02-14,Asir,Abha,Urban,60,5,Clear,10.6,0.09,23.0
A000414,2026-02-03 04:31:58+00:00,R0005,3,1,1,Night,Fatal,accident_reports,B20260305T000843Z,2026-03-05T00:08:43+00:00,cdee8091ce65ace6,2026-02-03,Qassim,Buraidah,Highway,80,2,Dust,2.7,0.16,20.8
A000415,2026-02-22 02:15:15+00:00,R0003,3,0,0,Night,Moderate,accident_reports,B20260305T000843Z,2026-03-05T00:08:43+00:00,f32966490d0814b0,2026-02-22,Madinah,Madinah,Highway,60,5,Clear,9.7,0.02,32.3
A000416,2026-02-21 10:59:22+00:00,R0015,2,1,0,Day,Severe,accident_reports,B20260305T000843Z,2026-03-05T00:08:43+00:00,6814d2d3a68ca130,2026-02-21,Madinah,Madinah,Highway,60,4,Clear,10.9,0.05,29.7
A000417,2026-02-22 14:31:49+00:00,R0012,5,0,0,Day,Moderate,accident_reports,B20260305T000843Z,2026-03-05T00:08:43+00:00,963e427273192d08,2026-02-22,Riyadh,Al Kharj,Rural,60,2,Clear,11.0,0.06,23.6
A000418,2026-02-15 05:19:46+00:00,R0021,4,3,0,Night,Fatal,accident_reports,B20260305T000843Z,2026-03-05T00:08:43+00:00,107d3a8b0e569f55,2026-02-15,Madinah,Madinah,Highway,100,3,Clear,10.2,0.0,24.5
A000419,2026-02-23 00:40:35+00:00,R0002,2,1,1,Night,Fatal,accident_reports,B20260305T000843Z,2026-03-05T00:08:43+00:00,0b747e3617ce0d3b,2026-02-23,Qassim,Buraidah,Highway,60,5,Clear,10.6,0.0,29.6
A000420,2026-02-15 16:45:37+00:00,R0019,5,0,0,Day,Severe,accident_reports,B20260305T000843Z,2026-03-05T00:08:43+00:00,ba391b99bbf3702a,2026-02-15,Eastern,Khobar,Rural,60,1,Clear,10.5,0.01,31.8
A000421,2026-02-27 16:50:21+00:00,R0000,4,0,0,Day,Moderate,accident_reports,B20260305T000843Z,2026-03-05T00:08:43+00:00,869649cd2ab58a5c,2026-02-27,Eastern,Dammam,Urban,80,2,Clear,9.6,0.05,18.8
A000422,2026-02-25 08:33:41+00:00,R0004,1,0,0,Day,Moderate,accident_reports,B20260305T000843Z,2026-03-05T00:08:43+00:00,9c8836addb68e176,2026-02-25,Riyadh,Riyadh,Highway,140,2,Clear,9.6,0.1,27.1
A000423,2026-02-17 11:40:01+00:00,R0012,4,0,0,Day,Moderate,accident_reports,B20260305T000843Z,2026-03-05T00:08:43+00:00,c8f5b7f242235792,2026-02-17,Riyadh,Al Kharj,Rural,60,2,Dust,4.3,0.32,28.7
A000424,2026-02-24 07:07:55+00:00,R0018,4,2,0,Day,Moderate,accident_reports,B20260305T000843Z,2026-03-05T00:08:43+00:00,2eee518029444b2c,2026-02-24,Riyadh,Al Kharj,Rural,80,2,Clear,9.3,0.0,25.5
A000425,2026-02-10 23:44:14+00:00,R0002,1,0,0,Night,Moderate,accident_reports,B20260305T000843Z,2026-03-05T00:08:43+00:00,8adcbfb3abb1ede5,2026-02-10,Qassim,Buraidah,Highway,60,5,Dust,5.4,0.04,24.9
A000426,2026-02-04 23:24:09+00:00,R0013,6,1,0,Night,Severe,accident_reports,B20260305T000843Z,2026-03-05T00:08:43+00:00,097b87ab6651afda,2026-02-04,Asir,Abha,Urban,80,2,Rain,8.0,1.51,17.7
A000427,2026-02-10 08:56:26+00:00,R0015,3,0,0,Day,Moderate,accident_reports,B20260305T000843Z,2026-03-05T00:08:43+00:00,d91dc583025066bf,2026-02-10,Madinah,Madinah,Highway,60,4,Clear,9.9,0.07,21.9
A000428,2026-02-18 02:33:03+00:00,R0010,8,1,0,Night,Fatal,accident_reports,B20260305T000843Z,2026-03-05T00:08:43+00:00,d2862ad03e2a7a71,2026-02-18,Asir,Abha,Urban,60,5,Fog,1.8,0.01,21.7
A000429,2026-03-03 02:35:26+00:00,R0003,4,1,0,Night,Severe,accident_reports,B20260305T000843Z,2026-03-05T00:08:43+00:00,6fc516c1f3d01625,2026-03-03,Madinah,Madinah,Highway,60,5,Clear,9.1,0.01,23.0
A000430,2026-02-21 19:27:29+00:00,R0010,2,1,0,Night,Severe,accident_reports,B20260305T000843Z,2026-03-05T00:08:43+00:00,0202ddbfddfef955,2026-02-21,Asir,Abha,Urban,60,5,Clear,11.4,0.29,21.2
A000431,2026-02-06 11:04:02+00:00,R0015,2,2,1,Day,Fatal,accident_reports,B20260305T000843Z,2026-03-05T00:08:43+00:00,9c3e67536d27d6fe,2026-02-06,Madinah,Madinah,Highway,60,4,Rain,7.3,3.7,9.8
A000432,2026-02-07 10:22:33+00:00,R0015,3,0,0,Day,Severe,accident_reports,B20260305T000843Z,2026-03-05T00:08:43+00:00,0f7cdf8a7cd68cfb,2026-02-07,Madinah,Madinah,Highway,60,4,Clear,12.0,0.0,31.5
A000433,2026-02-19 06:45:40+00:00,R0011,3,0,0,Day,Severe,accident_reports,B20260305T000843Z,2026-03-05T00:08:43+00:00,14885af17f060a8f,2026-02-19,Eastern,Khobar,Highway,80,3,Clear,8.8,0.0,32.1
A000434,2026-02-23 22:17:53+00:00,R0000,2,1,0,Night,Severe,accident_reports,B20260305T000843Z,2026-03-05T00:08:43+00:00,afba66bcf486a94d,2026-02-23,Eastern,Dammam,Urban,80,2,Clear,10.3,0.01,29.1
A000435,2026-03-01 19:24:17+00:00,R0007,4,2,0,Night,Fatal,accident_reports,B20260305T000843Z,2026-03-05T00:08:43+00:00,101d121115cdac8f,2026-03-01,Qassim,Buraidah,Rural,60,1,Clear,10.6,0.05,26.2
A000436,2026-02-27 20:52:08+00:00,R0011,5,0,0,Night,Severe,accident_reports,B20260305T000843Z,2026-03-05T00:08:43+00:00,26bee173d8ffdc6c,2026-02-27,Eastern,Khobar,Highway,80,3,Clear,10.3,0.07,31.5
A000437,2026-02-03 23:36:43+00:00,R0021,3,1,0,Night,Severe,accident_reports,B20260305T000843Z,2026-03-05T00:08:43+00:00,4dd453b23950f0eb,2026-02-03,Madinah,Madinah,Highway,100,3,Clear,10.9,0.1,30.6
A000438,2026-02-28 06:54:14+00:00,R0017,3,1,0,Day,Moderate,accident_reports,B20260305T000843Z,2026-03-05T00:08:43+00:00,5c9ef0cb53a60dfd,2026-02-28,Riyadh,Riyadh,Urban,60,2,Clear,12.0,0.04,34.8
A000439,2026-02-08 03:36:40+00:00,R0017,3,0,0,Night,Moderate,accident_reports,B20260305T000843Z,2026-03-05T00:08:43+00:00,9fb83682a3324ff6,2026-02-08,Riyadh,Riyadh,Urban,60,2,Clear,10.7,0.12,31.3
A000440,2026-03-01 09:19:51+00:00,R0013,1,1,0,Day,Moderate,accident_reports,B20260305T000843Z,2026-03-05T00:08:43+00:00,455353eda6f0309d,2026-03-01,Asir,Abha,Urban,80,2,Clear,11.3,0.08,22.9
A000441,2026-02-24 08:14:48+00:00,R0020,5,1,0,Day,Severe,accident_reports,B20260305T000843Z,2026-03-05T00:08:43+00:00,59aa17e920f50d16,2026-02-24,Madinah,Madinah,Highway,140,2,Dust,5.1,0.05,19.0
A000442,2026-02-06 15:11:34+00:00,R0002,4,0,0,Day,Moderate,accident_reports,B20260305T000843Z,2026-03-05T00:08:43+00:00,06df557a052e8db1,2026-02-06,Qassim,Buraidah,Highway,60,5,Fog,2.0,0.0,26.9
A000443,2026-03-01 09:57:36+00:00,R0021,2,0,0,Day,Moderate,accident_reports,B20260305T000843Z,2026-03-05T00:08:43+00:00,f0cb60dcc8b957e5,2026-03-01,Madinah,Madinah,Highway,100,3,Dust,5.4,0.68,32.5
A000444,2026-02-09 10:11:32+00:00,R0008,3,1,0,Day,Moderate,accident_reports,B20260305T000843Z,2026-03-05T00:08:43+00:00,2c06da8f31686177,2026-02-09,Riyadh,Riyadh,Urban,40,2,Clear,10.6,0.03,22.2
A000445,2026-02-14 02:43:36+00:00,R0007,4,1,0,Night,Severe,accident_reports,B20260305T000843Z,2026-03-05T00:08:43+00:00,41d0e49529803a57,2026-02-14,Qassim,Buraidah,Rural,60,1,Clear,10.7,0.09,17.6
A000446,2026-02-03 13:38:07+00:00,R0018,3,0,0,Day,Moderate,accident_reports,B20260305T000843Z,2026-03-05T00:08:43+00:00,fb263fae81745ba9,2026-02-03,Riyadh,Al Kharj,Rural,80,2,Dust,4.6,0.07,35.4
A000447,2026-02-11 11:32:07+00:00,R0014,5,0,0,Day,Moderate,accident_reports,B20260305T000843Z,2026-03-05T00:08:43+00:00,213491eed83a3372,2026-02-11,Riyadh,Al Kharj,Highway,100,3,Rain,6.1,5.16,30.6
A000448,2026-02-08 10:04:40+00:00,R0007,2,0,0,Day,Severe,accident_reports,B20260305T000843Z,2026-03-05T00:08:43+00:00,304710a0a571612b,2026-02-08,Qassim,Buraidah,Rural,60,1,Clear,8.9,0.01,18.9
A000449,2026-02-17 20:02:33+00:00,R0002,5,0,0,Night,Severe,accident_reports,B20260305T000843Z,2026-03-05T00:08:43+00:00,1c5ae80f5ae862ab,2026-02-17,Qassim,Buraidah,Highway,60,5,Clear,9.6,0.17,16.5
A000450,2026-02-07 16:05:43+00:00,R0019,2,0,0,Day,Moderate,accident_reports,B20260305T000843Z,2026-03-05T00:08:43+00:00,94581afbc58823c2,2026-02-07,Eastern,Khobar,Rural,60,1,Clear,9.9,0.0,31.1
A000451,2026-02-22 06:48:27+00:00,R0013,3,0,0,Day,Moderate,accident_reports,B20260305T000843Z,2026-03-05T00:08:43+00:00,be969938e063e3e0,2026-02-22,Asir,Abha,Urban,80,2,Clear,8.8,0.04,17.9
A000452,2026-02-28 22:27:37+00:00,R0022,3,1,0,Night,Severe,accident_reports,B20260305T000843Z,2026-03-05T00:08:43+00:00,bd806001a185cb92,2026-02-28,Asir,Abha,Urban,60,5,Clear,9.9,0.33,31.7
A000453,2026-02-09 07:36:11+00:00,R0018,4,0,0,Day,Moderate,accident_reports,B20260305T000843Z,2026-03-05T00:08:43+00:00,db62ea2726b9186e,2026-02-09,Riyadh,Al Kharj,Rural,80,2,Dust,3.8,0.61,26.0
A000454,2026-02-22 11:35:50+00:00,R0016,6,0,1,Day,Fatal,accident_reports,B20260305T000843Z,2026-03-05T00:08:43+00:00,0fd2c2f420be379f,2026-02-22,Eastern,Khobar,Rural,60,2,Clear,11.7,0.02,28.1
A000455,2026-02-14 20:33:21+00:00,R0005,6,0,0,Night,Severe,accident_reports,B20260305T000843Z,2026-03-05T00:08:43+00:00,6750cc279fc0d47e,2026-02-14,Qassim,Buraidah,Highway,80,2,Clear,9.6,0.04,23.8
A000456,2026-02-25 12:44:28+00:00,R0005,4,1,1,Day,Fatal,accident_reports,B20260305T000843Z,2026-03-05T00:08:43+00:00,ccfe7ca95b79ece1,2026-02-25,Qassim,Buraidah,Highway,80,2,Clear,9.6,0.12,24.3
A000457,2026-02-10 13:43:55+00:00,R0001,2,0,0,Day,Moderate,accident_reports,B20260305T000843Z,2026-03-05T00:08:43+00:00,3cb30f28f3f3be3d,2026-02-10,Riyadh,Riyadh,Urban,80,2,Dust,4.1,0.0,34.5
A000458,2026-03-01 03:56:45+00:00,R0015,4,2,0,Night,Fatal,accident_reports,B20260305T000843Z,2026-03-05T00:08:43+00:00,75817734e6803dae,2026-03-01,Madinah,Madinah,Highway,60,4,Clear,9.5,0.01,29.9
A000459,2026-03-04 00:52:13+00:00,R0010,5,0,0,Night,Severe,accident_reports,B20260305T000843Z,2026-03-05T00:08:43+00:00,c6a8d3e98907c75c,2026-03-04,Asir,Abha,Urban,60,5,Clear,8.1,0.03,33.5
A000460,2026-02-18 09:01:27+00:00,R0005,4,0,0,Day,Moderate,accident_reports,B20260305T000843Z,2026-03-05T00:08:43+00:00,e5ce83b77adac5f9,2026-02-18,Qassim,Buraidah,Highway,80,2,Clear,9.0,0.06,27.6
A000461,2026-02-14 20:41:02+00:00,R0002,5,0,0,Night,Severe,accident_reports,B20260305T000843Z,2026-03-05T00:08:43+00:00,af8b34f2a59288d8,2026-02-14,Qassim,Buraidah,Highway,60,5,Clear,9.6,0.04,23.8
A000462,2026-02-13 13:12:49+00:00,R0011,4,0,0,Day,Severe,accident_reports,B20260305T000843Z,2026-03-05T00:08:43+00:00,b2b28c38b34e8690,2026-02-13,Eastern,Khobar,Highway,80,3,Clear,12.0,0.17,30.2
A000463,2026-02-22 16:39:28+00:00,R0016,2,1,0,Day,Moderate,accident_reports,B20260305T000843Z,2026-03-05T00:08:43+00:00,59e952636f2b5611,2026-02-22,Eastern,Khobar,Rural,60,2,Rain,8.4,9.27,33.1
A000464,2026-02-27 00:27:25+00:00,R0014,2,2,0,Night,Fatal,accident_reports,B20260305T000843Z,2026-03-05T00:08:43+00:00,55cfc06d8bce3cb5,2026-02-27,Riyadh,Al Kharj,Highway,100,3,Clear,10.7,0.0,34.3
A000465,2026-02-06 21:10:29+00:00,R0015,2,1,0,Night,Severe,accident_reports,B20260305T000843Z,2026-03-05T00:08:43+00:00,c92593b848a3e2ce,2026-02-06,Madinah,Madinah,Highway,60,4,Clear,10.0,0.03,20.3
A000466,2026-02-16 20:59:18+00:00,R0019,4,4,0,Night,Fatal,accident_reports,B20260305T000843Z,2026-03-05T00:08:43+00:00,c404384778600aec,2026-02-16,Eastern,Khobar,Rural,60,1,Clear,9.5,0.13,44.0
A000467,2026-02-03 22:02:04+00:00,R0022,3,1,0,Night,Severe,accident_reports,B20260305T000843Z,2026-03-05T00:08:43+00:00,25b8ea0e20fd0269,2026-02-03,Asir,Abha,Urban,60,5,Clear,10.3,0.0,16.1
A000468,2026-02-06 04:55:58+00:00,R0007,5,1,0,Night,Fatal,accident_reports,B20260305T000843Z,2026-03-05T00:08:43+00:00,778510af2443b2e7,2026-02-06,Qassim,Buraidah,Rural,60,1,Dust,3.5,0.0,33.9
A000469,2026-02-12 10:53:50+00:00,R0015,5,2,0,Day,Fatal,accident_reports,B20260305T000843Z,2026-03-05T00:08:43+00:00,ba45158d5d78885b,2026-02-12,Madinah,Madinah,Highway,60,4,Clear,9.2,0.07,18.6
A000470,2026-02-21 07:51:15+00:00,R0002,3,1,0,Day,Severe,accident_reports,B20260305T000843Z,2026-03-05T00:08:43+00:00,f08110dbbcbd206f,2026-02-21,Qassim,Buraidah,Highway,60,5,Dust,3.9,0.01,14.3
A000471,2026-02-06 21:54:27+00:00,R0009,2,2,0,Night,Severe,accident_reports,B20260305T000843Z,2026-03-05T00:08:43+00:00,96c12a3f667cbea3,2026-02-06,Qassim,Buraidah,Rural,40,2,Dust,3.6,0.23,26.7
A000472,2026-02-27 07:00:31+00:00,R0000,7,1,0,Day,Severe,accident_reports,B20260305T000843Z,2026-03-05T00:08:43+00:00,300e0c556a90dfd8,2026-02-27,Eastern,Dammam,Urban,80,2,Dust,5.0,0.02,31.1
A000473,2026-02-21 06:58:28+00:00,R0006,4,0,0,Day,Moderate,accident_reports,B20260305T000843Z,2026-03-05T00:08:43+00:00,18dae85155ff52c3,2026-02-21,Qassim,Buraidah,Urban,60,3,Clear,10.8,0.27,28.1
A000474,2026-02-19 21:54:41+00:00,R0021,5,1,0,Night,Severe,accident_reports,B20260305T000843Z,2026-03-05T00:08:43+00:00,7927c7ea12c87ac9,2026-02-19,Madinah,Madinah,Highway,100,3,Clear,10.5,0.05,22.6
A000475,2026-02-10 09:10:57+00:00,R0011,7,0,0,Day,Severe,accident_reports,B20260305T000843Z,2026-03-05T00:08:43+00:00,30da6f3cd51a0768,2026-02-10,Eastern,Khobar,Highway,80,3,Rain,6.1,0.63,33.0
A000476,2026-02-10 03:31:37+00:00,R0014,4,0,1,Night,Fatal,accident_reports,B20260305T000843Z,2026-03-05T00:08:43+00:00,30466f2e2aa2f0e4,2026-02-10,Riyadh,Al Kharj,Highway,100,3,Clear,10.6,0.08,31.6
A000477,2026-02-03 01:10:53+00:00,R0013,2,1,0,Night,Severe,accident_reports,B20260305T000843Z,2026-03-05T00:08:43+00:00,8be8cdce511af1fe,2026-02-03,Asir,Abha,Urban,80,2,Clear,10.3,0.06,35.7
A000478,2026-02-16 11:29:13+00:00,R0002,2,1,0,Day,Moderate,accident_reports,B20260305T000843Z,2026-03-05T00:08:43+00:00,f5756c5093abe997,2026-02-16,Qassim,Buraidah,Highway,60,5,Clear,9.0,0.0,20.2
A000479,2026-02-21 07:22:07+00:00,R0018,1,0,0,Day,Minor,accident_reports,B20260305T000843Z,2026-03-05T00:08:43+00:00,23e35994045c0627,2026-02-21,Riyadh,Al Kharj,Rural,80,2,Clear,11.1,0.02,36.4
A000480,2026-02-18 09:47:40+00:00,R0000,5,0,0,Day,Moderate,accident_reports,B20260305T000843Z,2026-03-05T00:08:43+00:00,26f32da1b8b0966c,2026-02-18,Eastern,Dammam,Urban,80,2,Clear,9.9,0.01,28.1
A000481,2026-02-16 17:28:10+00:00,R0017,2,1,1,Day,Fatal,accident_reports,B20260305T000843Z,2026-03-05T00:08:43+00:00,853b5a3dc606e4af,2026-02-16,Riyadh,Riyadh,Urban,60,2,Clear,8.2,0.02,23.8
A000482,2026-02-11 22:57:49+00:00,R0018,1,1,0,Night,Moderate,accident_reports,B20260305T000843Z,2026-03-05T00:08:43+00:00,d3348adfc625db1f,2026-02-11,Riyadh,Al Kharj,Rural,80,2,Clear,10.8,0.0,28.5
A000483,2026-03-03 22:32:41+00:00,R0015,1,0,0,Night,Moderate,accident_reports,B20260305T000843Z,2026-03-05T00:08:43+00:00,565bfb55652373fe,2026-03-03,Madinah,Madinah,Highway,60,4,Clear,10.9,0.12,30.7
A000484,2026-02-21 12:20:22+00:00,R0006,7,0,0,Day,Moderate,accident_reports,B20260305T000843Z,2026-03-05T00:08:43+00:00,44f82e93f004e272,2026-02-21,Qassim,Buraidah,Urban,60,3,Clear,8.9,0.0,30.9
A000485,2026-02-19 14:59:36+00:00,R0005,5,0,0,Day,Moderate,accident_reports,B20260305T000843Z,2026-03-05T00:08:43+00:00,6c479117a623b5b6,2026-02-19,Qassim,Buraidah,Highway,80,2,Clear,10.4,0.1,24.9
A000486,2026-02-11 18:21:30+00:00,R0000,3,0,0,Night,Moderate,accident_reports,B20260305T000843Z,2026-03-05T00:08:43+00:00,5666dcd8b4f1ee1e,2026-02-11,Eastern,Dammam,Urban,80,2,Clear,10.0,0.01,38.7
A000487,2026-02-20 06:01:34+00:00,R0017,7,2,0,Day,Severe,accident_reports,B20260305T000843Z,2026-03-05T00:08:43+00:00,0af801774307daae,2026-02-20,Riyadh,Riyadh,Urban,60,2,Clear,10.2,0.09,24.2
A000488,2026-02-09 16:42:48+00:00,R0013,5,0,0,Day,Moderate,accident_reports,B20260305T000843Z,2026-03-05T00:08:43+00:00,8f68435a5ed69201,2026-02-09,Asir,Abha,Urban,80,2,Clear,9.7,0.04,26.5
A000489,2026-02-09 14:21:35+00:00,R0017,3,0,0,Day,Moderate,accident_reports,B20260305T000843Z,2026-03-05T00:08:43+00:00,531e8ba19e5bb312,2026-02-09,Riyadh,Riyadh,Urban,60,2,Dust,5.6,0.12,21.8
A000490,2026-02-14 15:02:11+00:00,R0009,4,1,0,Day,Severe,accident_reports,B20260305T000843Z,2026-03-05T00:08:43+00:00,998514393cd7ddf1,2026-02-14,Qassim,Buraidah,Rural,40,2,Dust,3.3,0.12,27.9
A000491,2026-03-02 03:21:51+00:00,R0010,2,1,0,Night,Severe,accident_reports,B20260305T000843Z,2026-03-05T00:08:43+00:00,64835386c32c214a,2026-03-02,Asir,Abha,Urban,60,5,Fog,2.2,1.18,19.8
A000492,2026-02-19 19:32:08+00:00,R0002,4,2,0,Night,Severe,accident_reports,B20260305T000843Z,2026-03-05T00:08:43+00:00,c609de81452ad509,2026-02-19,Qassim,Buraidah,Highway,60,5,Dust,3.9,0.02,20.6
A000493,2026-02-16 09:29:10+00:00,R0008,5,1,0,Day,Severe,accident_reports,B20260305T000843Z,2026-03-05T00:08:43+00:00,108e54efe51f4eb7,2026-02-16,Riyadh,Riyadh,Urban,40,2,Clear,10.0,0.02,28.9
A000494,2026-02-13 16:12:46+00:00,R0015,1,0,0,Day,Moderate,accident_reports,B20260305T000843Z,2026-03-05T00:08:43+00:00,7223cd9730d70f0f,2026-02-13,Madinah,Madinah,Highway,60,4,Clear,10.7,0.2,17.2
A000495,2026-02-14 08:09:19+00:00,R0009,5,1,0,Day,Severe,accident_reports,B20260305T000843Z,2026-03-05T00:08:43+00:00,86db08666457f958,2026-02-14,Qassim,Buraidah,Rural,40,2,Clear,9.8,0.05,19.6
A000496,2026-02-23 13:10:46+00:00,R0017,3,3,0,Day,Severe,accident_reports,B20260305T000843Z,2026-03-05T00:08:43+00:00,0b184aa820c700ab,2026-02-23,Riyadh,Riyadh,Urban,60,2,Clear,9.7,0.06,44.7
A000497,2026-02-19 00:39:43+00:00,R0020,2,0,0,Night,Moderate,accident_reports,B20260305T000843Z,2026-03-05T00:08:43+00:00,9fee62a98724b6c6,2026-02-19,Madinah,Madinah,Highway,140,2,Fog,3.2,0.14,22.1
A000498,2026-02-18 07:07:25+00:00,R0021,4,0,0,Day,Moderate,accident_reports,B20260305T000843Z,2026-03-05T00:08:43+00:00,2fbc622ef99496e9,2026-02-18,Madinah,Madinah,Highway,100,3,Clear,10.0,0.01,24.4
A000499,2026-02-08 14:42:12+00:00,R0017,5,1,0,Day,Severe,accident_reports,B20260305T000843Z,2026-03-05T00:08:43+00:00,56d69e24bbb726eb,2026-02-08,Riyadh,Riyadh,Urban,60,2,Dust,4.5,0.0,22.2
